ID,PRC2017,PRC2016,REMARK
1,07101000,07101000,
2,07291100,07291100,
3,07291200,07291200,
4,07291300,07291300,
5,07291400,07291400,
6,07291500,07291500,
7,07291900,07291900,
8,08111133,08111133,
9,08111136,08111136,
10,08111150,08111150,
11,08111233,08111233,
12,08111236,08111236,
13,08111250,08111250,
14,08111290,08111290,
15,08112030,08112030,
16,08112050,08112050,
17,08113010,08113010,
18,08113030,08113030,
19,08114000,08114000,
20,08121150,08121150,
21,08121190,08121190,
22,08121210,08121210,
23,08121230,08121230,
24,08121250,08121250,
25,08121290,08121290,
26,08121300,08121300,
27,08122140,08122140,
28,08122160,08122160,
29,08122210,08122210,
30,08122230,08122230,
31,08122250,08122250,
32,08911100,08911100,
33,08911200,08911200,
34,08911900,08911900,
35,08931000,08931000,
36,08991000,08991000,
37,08992100,08992100,
38,08992200,08992200,
39,08992900,08992900,
40,100000Z1,100000Z1,
41,100000Z3,100000Z3,
42,10111140,10111140,
43,10111190,10111190,
44,10111230,10111230,
45,10111250,10111250,
46,10111290,10111290,
47,10111300,10111300,
48,10111400,10111400,
49,10111500,10111500,
50,10112000,10112000,
51,10113100,10113100,
52,10113230,10113230,
53,10113250,10113250,
54,10113290,10113290,
55,10113300,10113300,
56,10113400,10113400,
57,10113500,10113500,
58,10113910,10113910,
59,10113930,10113930,
60,10114100,10114100,
61,10114200,10114200,
62,10114300,10114300,
63,10114400,10114400,
64,10114500,10114500,
65,10115040,10115040,
66,10115060,10115060,
67,10115070,10115070,
68,10116030,10116030,
69,10116090,10116090,
70,101200Z1,101200Z1,
71,101200Z2,101200Z2,
72,10121010,10121010,
73,10121020,10121020,
74,10121030,10121030,
75,10121050,10121050,
76,10121060,10121060,
77,10121070,10121070,
78,10122013,10122013,
79,10122015,10122015,
80,10122017,10122017,
81,10122053,10122053,
82,10122055,10122055,
83,10122057,10122057,
84,10123000,10123000,
85,10125000,10125000,
86,10131120,10131120,
87,10131150,10131150,
88,10131180,10131180,
89,10131200,10131200,
90,10131300,10131300,
91,10131430,10131430,
92,10131460,10131460,
93,10131505,10131505,
94,10131515,10131515,
95,10131525,10131525,
96,10131535,10131535,
97,10131545,10131545,
98,10131555,10131555,
99,10131565,10131565,
100,10131575,10131575,
101,10131585,10131585,
102,10131595,10131595,
103,10131600,10131600,
104,10139100,10139100,
105,10201100,10201100,
106,10201200,10201200,
107,10201330,10201330,
108,10201360,10201360,
109,10201400,10201400,
110,10201500,10201500,
111,10201600,10201600,
112,10202100,10202100,
113,10202250,10202250,
114,10202350,10202350,
115,10202425,10202425,
116,10202455,10202455,
117,10202485,10202485,
118,10202510,10202510,
119,10202520,10202520,
120,10202530,10202530,
121,10202540,10202540,
122,10202550,10202550,
123,10202560,10202560,
124,10202570,10202570,
125,10202580,10202580,
126,10202590,10202590,
127,10202630,10202630,
128,10202660,10202660,
129,10203100,10203100,
130,10203250,10203250,
131,10203350,10203350,
132,10203400,10203400,
133,10204100,10204100,
134,10204200,10204200,
135,10311110,10311110,
136,10311130,10311130,
137,10311200,10311200,
138,10311300,10311300,
139,10311430,10311430,
140,10311460,10311460,
141,10321100,10321100,
142,10321210,10321210,
143,10321220,10321220,
144,10321230,10321230,
145,10321300,10321300,
146,10321400,10321400,
147,10321500,10321500,
148,10321600,10321600,
149,10321700,10321700,
150,10321910,10321910,
151,10321920,10321920,
152,10321930,10321930,
153,10391100,10391100,
154,10391200,10391200,
155,10391330,10391330,
156,10391350,10391350,
157,10391390,10391390,
158,10391500,10391500,
159,10391600,10391600,
160,10391710,10391710,
161,10391721,10391721,
162,10391725,10391725,
163,10391730,10391730,
164,10391740,10391740,
165,10391750,10391750,
166,10391760,10391760,
167,10391770,10391770,
168,10391780,10391780,
169,10391790,10391790,
170,10391800,10391800,
171,10392100,10392100,
172,10392230,10392230,
173,10392290,10392290,
174,10392330,10392330,
175,10392390,10392390,
176,10392410,10392410,
177,10392430,10392430,
178,10392500,10392500,
179,10392910,10392910,
180,10392920,10392920,
181,10392950,10392950,
182,10393000,10393000,
183,10399100,10399100,
184,10411100,10411100,
185,10411200,10411200,
186,10411900,10411900,
187,10412110,10412110,
188,10412210,10412210,
189,10412220,10412220,
190,10412300,10412300,
191,10412410,10412410,
192,10412510,10412510,
193,10412910,10412910,
194,10413000,10413000,
195,10414130,10414130,
196,10414150,10414150,
197,10414170,10414170,
198,10414190,10414190,
199,10414200,10414200,
200,10415100,10415100,
201,10415200,10415200,
202,10415310,10415310,
203,10415330,10415330,
204,10415400,10415400,
205,10415500,10415500,
206,10415600,10415600,
207,10415700,10415700,
208,10415800,10415800,
209,10415900,10415900,
210,10416030,10416030,
211,10416050,10416050,
212,10417100,10417100,
213,10417200,10417200,
214,10421030,10421030,
215,10421050,10421050,
216,10511133,10511133,
217,10511137,10511137,
218,10511142,10511142,
219,10511148,10511148,
220,10511210,10511210,
221,10511220,10511220,
222,10511230,10511230,
223,10511240,10511240,
224,10512130,10512130,
225,10512160,10512160,
226,10512230,10512230,
227,10512260,10512260,
228,10513030,10513030,
229,10513050,10513050,
230,10513070,10513070,
231,10514030,10514030,
232,10514050,10514050,
233,10514070,10514070,
234,10515104,10515104,
235,10515108,10515108,
236,10515241,10515241,
237,10515245,10515245,
238,10515263,10515263,
239,10515265,10515265,
240,10515300,10515300,
241,10515400,10515400,
242,10515530,10515530,
243,10515560,10515560,
244,10515600,10515600,
245,10521000,10521000,
246,10611100,10611100,
247,10611230,10611230,
248,10611250,10611250,
249,10612100,10612100,
250,10612200,10612200,
251,10612300,10612300,
252,10612400,10612400,
253,10613133,10613133,
254,10613135,10613135,
255,10613230,10613230,
256,10613240,10613240,
257,10613250,10613250,
258,10613333,10613333,
259,10613335,10613335,
260,10613351,10613351,
261,10613353,10613353,
262,10613355,10613355,
263,10614010,10614010,
264,10614030,10614030,
265,10614050,10614050,
266,10614090,10614090,
267,10621111,10621111,
268,10621113,10621113,
269,10621115,10621115,
270,10621119,10621119,
271,10621130,10621130,
272,10621150,10621150,
273,10621170,10621170,
274,10621200,10621200,
275,10621310,10621310,
276,10621320,10621320,
277,10621330,10621330,
278,10621390,10621390,
279,10621430,10621430,
280,10621460,10621460,
281,10622000,10622000,
282,10711100,10711100,
283,10711200,10711200,
284,10721130,10721130,
285,10721150,10721150,
286,10721230,10721230,
287,10721253,10721253,
288,10721255,10721255,
289,10721257,10721257,
290,10721259,10721259,
291,10721910,10721910,
292,10721920,10721920,
293,10721940,10721940,
294,10721950,10721950,
295,10721990,10721990,
296,10731130,10731130,
297,10731150,10731150,
298,10731200,10731200,
299,10811100,10811100,
300,10811230,10811230,
301,10811290,10811290,
302,10811300,10811300,
303,10811430,10811430,
304,10811450,10811450,
305,10812000,10812000,
306,10821100,10821100,
307,10821200,10821200,
308,10821300,10821300,
309,10821400,10821400,
310,10822130,10822130,
311,10822150,10822150,
312,10822170,10822170,
313,10822190,10822190,
314,10822233,10822233,
315,10822235,10822235,
316,10822239,10822239,
317,10822243,10822243,
318,10822245,10822245,
319,10822253,10822253,
320,10822255,10822255,
321,10822260,10822260,
322,10822270,10822270,
323,10822280,10822280,
324,10822290,10822290,
325,10822310,10822310,
326,10822320,10822320,
327,10822330,10822330,
328,10822353,10822353,
329,10822355,10822355,
330,10822363,10822363,
331,10822365,10822365,
332,10822373,10822373,
333,10822375,10822375,
334,10822383,10822383,
335,10822390,10822390,
336,10822400,10822400,
337,10831130,10831130,
338,10831150,10831150,
339,10831170,10831170,
340,10831210,10831210,
341,10831240,10831240,
342,10831270,10831270,
343,10831300,10831300,
344,10831400,10831400,
345,10831500,10831500,
346,10841130,10841130,
347,10841190,10841190,
348,10841210,10841210,
349,10841230,10841230,
350,10841253,10841253,
351,10841255,10841255,
352,10841270,10841270,
353,10843000,10843000,
354,10851100,10851100,
355,10851200,10851200,
356,10851300,10851300,
357,10851410,10851410,
358,10851430,10851430,
359,10851910,10851910,
360,10861010,10861010,
361,10861030,10861030,
362,10861050,10861050,
363,10861060,10861060,
364,10861070,10861070,
365,10891100,10891100,
366,10891230,10891230,
367,10891250,10891250,
368,10891334,10891334,
369,10891339,10891339,
370,10891350,10891350,
371,10891370,10891370,
372,10891400,10891400,
373,10891600,10891600,
374,10891700,10891700,
375,10891910,10891910,
376,10891925,10891925,
377,10891930,10891930,
378,10891935,10891935,
379,10891950,10891950,
380,109010Z0,109010Z0,
381,10911010,10911010,
382,10911033,10911033,
383,10911035,10911035,
384,10911037,10911037,
385,10911039,10911039,
386,10912000,10912000,
387,10921030,10921030,
388,10921060,10921060,
389,109900Z0,109900Z0,
390,11011020,11011020,
391,11011030,11011030,
392,11011040,11011040,
393,11011050,11011050,
394,11011063,11011063,
395,11011065,11011065,
396,11011070,11011070,
397,11011080,11011080,
398,11021130,11021130,
399,11021190,11021190,
400,11021211,11021211,
401,11021215,11021215,
402,11021217,11021217,
403,11021220,11021220,
404,11021231,11021231,
405,11021250,11021250,
406,11031000,11031000,
407,11041000,11041000,
408,11051000,11051000,
409,11051010,11051010,
410,11052000,11052000,
411,11061030,11061030,
412,11061050,11061050,
413,11071130,11071130,
414,11071150,11071150,
415,11071930,11071930,
416,11071950,11071950,
417,11071970,11071970,
418,12001130,12001130,
419,12001150,12001150,
420,12001170,12001170,
421,12001200,12001200,
422,12001930,12001930,
423,12001990,12001990,
424,13101000,13101000,
425,13102100,13102100,
426,13102200,13102200,
427,13102300,13102300,
428,13102400,13102400,
429,13102500,13102500,
430,13102600,13102600,
431,13102900,13102900,
432,13103100,13103100,
433,13103200,13103200,
434,13104010,13104010,
435,13104030,13104030,
436,13104050,13104050,
437,13105010,13105010,
438,13105030,13105030,
439,13105050,13105050,
440,13106132,13106132,
441,13106133,13106133,
442,13106135,13106135,
443,13106152,13106152,
444,13106153,13106153,
445,13106155,13106155,
446,13106160,13106160,
447,131061Z1,131061Z1,
448,131061Z2,131061Z2,
449,13106200,13106200,
450,13107110,13107110,
451,13107120,13107120,
452,13107200,13107200,
453,13108110,13108110,
454,13108130,13108130,
455,13108150,13108150,
456,13108210,13108210,
457,13108250,13108250,
458,13108320,13108320,
459,13108333,13108333,
460,13108336,13108336,
461,13108340,13108340,
462,13108380,13108380,
463,13108390,13108390,
464,131083Z0,131083Z0,
465,13108410,13108410,
466,13108430,13108430,
467,13108510,13108510,
468,13108550,13108550,
469,13201100,13201100,
470,13201230,13201230,
471,13201260,13201260,
472,13201330,13201330,
473,13201360,13201360,
474,13201400,13201400,
475,13201900,13201900,
476,13202014,13202014,
477,13202017,13202017,
478,13202019,13202019,
479,13202020,13202020,
480,13202031,13202031,
481,13202042,13202042,
482,13202044,13202044,
483,13202049,13202049,
484,13202060,13202060,
485,13202072,13202072,
486,13202074,13202074,
487,13202079,13202079,
488,132020Z1,132020Z1,
489,132020Z2,132020Z2,
490,132020Z3,132020Z3,
491,13203130,13203130,
492,13203150,13203150,
493,13203170,13203170,
494,13203210,13203210,
495,13203220,13203220,
496,13203230,13203230,
497,13203240,13203240,
498,13203250,13203250,
499,13203290,13203290,
500,13203330,13203330,
501,13203350,13203350,
502,13204100,13204100,
503,13204200,13204200,
504,13204300,13204300,
505,13204400,13204400,
506,13204500,13204500,
507,13204600,13204600,
508,13301110,13301110,
509,13301121,13301121,
510,13301122,13301122,
511,13301123,13301123,
512,13301124,13301124,
513,13301125,13301125,
514,13301126,13301126,
515,13301127,13301127,
516,13301128,13301128,
517,13301210,13301210,
518,13301220,13301220,
519,13301230,13301230,
520,13301240,13301240,
521,13301250,13301250,
522,13301260,13301260,
523,13301270,13301270,
524,13301280,13301280,
525,13301290,13301290,
526,13301310,13301310,
527,13301320,13301320,
528,13301330,13301330,
529,13301340,13301340,
530,13301350,13301350,
531,13301360,13301360,
532,13301370,13301370,
533,13301380,13301380,
534,13301390,13301390,
535,13301910,13301910,
536,13301920,13301920,
537,13301930,13301930,
538,13301940,13301940,
539,13301950,13301950,
540,13301960,13301960,
541,13301970,13301970,
542,13301980,13301980,
543,13301990,13301990,
544,13301995,13301995,
545,13911100,13911100,
546,13911910,13911910,
547,13911920,13911920,
548,13921130,13921130,
549,13921150,13921150,
550,13921190,13921190,
551,13921230,13921230,
552,13921253,13921253,
553,13921255,13921255,
554,13921259,13921259,
555,13921270,13921270,
556,13921330,13921330,
557,13921353,13921353,
558,13921355,13921355,
559,13921359,13921359,
560,13921370,13921370,
561,13921430,13921430,
562,13921450,13921450,
563,13921470,13921470,
564,13921530,13921530,
565,13921550,13921550,
566,13921570,13921570,
567,13921620,13921620,
568,13921640,13921640,
569,13921660,13921660,
570,13921680,13921680,
571,13922130,13922130,
572,13922150,13922150,
573,13922170,13922170,
574,13922190,13922190,
575,13922210,13922210,
576,13922230,13922230,
577,13922250,13922250,
578,13922270,13922270,
579,13922300,13922300,
580,13922430,13922430,
581,13922493,13922493,
582,13922499,13922499,
583,13922953,13922953,
584,13922957,13922957,
585,13922993,13922993,
586,13922997,13922997,
587,13922999,13922999,
588,13931100,13931100,
589,13931200,13931200,
590,13931300,13931300,
591,13931930,13931930,
592,13931990,13931990,
593,13941130,13941130,
594,13941153,13941153,
595,13941155,13941155,
596,13941160,13941160,
597,13941170,13941170,
598,13941190,13941190,
599,13941233,13941233,
600,13941235,13941235,
601,13941253,13941253,
602,13941255,13941255,
603,13941259,13941259,
604,13941280,13941280,
605,13951010,13951010,
606,13951020,13951020,
607,13951030,13951030,
608,13951050,13951050,
609,13951070,13951070,
610,13961100,13961100,
611,13961200,13961200,
612,13961300,13961300,
613,13961400,13961400,
614,13961500,13961500,
615,13961620,13961620,
616,13961650,13961650,
617,13961680,13961680,
618,13961730,13961730,
619,13961750,13961750,
620,13961770,13961770,
621,13991130,13991130,
622,13991150,13991150,
623,13991170,13991170,
624,13991230,13991230,
625,13991250,13991250,
626,13991270,13991270,
627,13991300,13991300,
628,13991400,13991400,
629,13991500,13991500,
630,13991600,13991600,
631,13991900,13991900,
632,14111000,14111000,
633,14121120,14121120,
634,14121130,14121130,
635,14121240,14121240,
636,14121250,14121250,
637,14122120,14122120,
638,14122130,14122130,
639,14122240,14122240,
640,14122250,14122250,
641,14123013,14123013,
642,14123023,14123023,
643,14131110,14131110,
644,14131120,14131120,
645,14131230,14131230,
646,14131260,14131260,
647,14131270,14131270,
648,14131310,14131310,
649,14131320,14131320,
650,14131430,14131430,
651,14131460,14131460,
652,14131470,14131470,
653,14131480,14131480,
654,14131490,14131490,
655,14132115,14132115,
656,14132130,14132130,
657,14132200,14132200,
658,14132300,14132300,
659,14132442,14132442,
660,14132444,14132444,
661,14132445,14132445,
662,14132448,14132448,
663,14132449,14132449,
664,14132455,14132455,
665,14132460,14132460,
666,14133115,14133115,
667,14133130,14133130,
668,14133200,14133200,
669,14133330,14133330,
670,14133470,14133470,
671,14133480,14133480,
672,14133542,14133542,
673,14133548,14133548,
674,14133549,14133549,
675,14133551,14133551,
676,14133561,14133561,
677,14133563,14133563,
678,14133565,14133565,
679,14133569,14133569,
680,14141100,14141100,
681,14141220,14141220,
682,14141230,14141230,
683,14141240,14141240,
684,14141310,14141310,
685,14141420,14141420,
686,14141430,14141430,
687,14141440,14141440,
688,14141450,14141450,
689,14142100,14142100,
690,14142220,14142220,
691,14142230,14142230,
692,14142240,14142240,
693,14142300,14142300,
694,14142430,14142430,
695,14142450,14142450,
696,14142460,14142460,
697,14142480,14142480,
698,14142489,14142489,
699,14142530,14142530,
700,14142550,14142550,
701,14142570,14142570,
702,14143000,14143000,
703,14191100,14191100,
704,14191210,14191210,
705,14191230,14191230,
706,14191240,14191240,
707,14191250,14191250,
708,14191290,14191290,
709,14191300,14191300,
710,14191930,14191930,
711,14191960,14191960,
712,14192150,14192150,
713,14192210,14192210,
714,14192220,14192220,
715,14192230,14192230,
716,14192240,14192240,
717,14192250,14192250,
718,14192310,14192310,
719,14192333,14192333,
720,14192338,14192338,
721,14192353,14192353,
722,14192358,14192358,
723,14192370,14192370,
724,14192396,14192396,
725,14193175,14193175,
726,14193180,14193180,
727,14193190,14193190,
728,14193200,14193200,
729,14194130,14194130,
730,14194150,14194150,
731,14194230,14194230,
732,14194250,14194250,
733,14194270,14194270,
734,14194300,14194300,
735,14201030,14201030,
736,14201090,14201090,
737,14311033,14311033,
738,14311035,14311035,
739,14311037,14311037,
740,14311050,14311050,
741,14311090,14311090,
742,14391031,14391031,
743,14391032,14391032,
744,14391033,14391033,
745,14391053,14391053,
746,14391055,14391055,
747,14391061,14391061,
748,14391062,14391062,
749,14391071,14391071,
750,14391072,14391072,
751,14391090,14391090,
752,15111030,15111030,
753,15111050,15111050,
754,15112100,15112100,
755,15112200,15112200,
756,15113100,15113100,
757,15113200,15113200,
758,15113300,15113300,
759,15114130,15114130,
760,15114150,15114150,
761,15114230,15114230,
762,15114250,15114250,
763,15114330,15114330,
764,15114350,15114350,
765,15115100,15115100,
766,15115200,15115200,
767,15121110,15121110,
768,15121210,15121210,
769,15121220,15121220,
770,15121230,15121230,
771,15121250,15121250,
772,15121270,15121270,
773,15121300,15121300,
774,15121930,15121930,
775,15121960,15121960,
776,15201100,15201100,
777,15201210,15201210,
778,15201231,15201231,
779,15201237,15201237,
780,15201330,15201330,
781,15201351,15201351,
782,15201352,15201352,
783,15201353,15201353,
784,15201361,15201361,
785,15201362,15201362,
786,15201363,15201363,
787,15201370,15201370,
788,15201380,15201380,
789,15201444,15201444,
790,15201445,15201445,
791,15201446,15201446,
792,15202100,15202100,
793,15202900,15202900,
794,15203120,15203120,
795,15203150,15203150,
796,15203200,15203200,
797,15204020,15204020,
798,15204050,15204050,
799,15204080,15204080,
800,16101250,16101250,
801,16101271,16101271,
802,16101277,16101277,
803,16101300,16101300,
804,16102110,16102110,
805,16102210,16102210,
806,16102300,16102300,
807,16102400,16102400,
808,16102503,16102503,
809,16102505,16102505,
810,16103116,16103116,
811,16103200,16103200,
812,16103900,16103900,
813,16109100,16109100,
814,16211100,16211100,
815,16211200,16211200,
816,16211316,16211316,
817,16211419,16211419,
818,16211450,16211450,
819,16211523,16211523,
820,16211526,16211526,
821,16211529,16211529,
822,16211543,16211543,
823,16211546,16211546,
824,16211549,16211549,
825,16211711,16211711,
826,16212100,16212100,
827,16212210,16212210,
828,16212300,16212300,
829,16212400,16212400,
830,16221030,16221030,
831,16221060,16221060,
832,16231110,16231110,
833,16231150,16231150,
834,16231200,16231200,
835,16231900,16231900,
836,16232000,16232000,
837,16241133,16241133,
838,16241135,16241135,
839,16241200,16241200,
840,16241320,16241320,
841,16241350,16241350,
842,16291130,16291130,
843,16291180,16291180,
844,16291200,16291200,
845,16291300,16291300,
846,16291420,16291420,
847,16291491,16291491,
848,16291500,16291500,
849,16292130,16292130,
850,16292150,16292150,
851,16292250,16292250,
852,16292290,16292290,
853,16292320,16292320,
854,16292350,16292350,
855,16292380,16292380,
856,16292400,16292400,
857,16292500,16292500,
858,17111100,17111100,
859,17111200,17111200,
860,17111300,17111300,
861,17111400,17111400,
862,171200Z0,171200Z0,
863,17121100,17121100,
864,17121200,17121200,
865,17121300,17121300,
866,17121410,17121410,
867,17121435,17121435,
868,17121439,17121439,
869,17121450,17121450,
870,17121470,17121470,
871,17122030,17122030,
872,17122055,17122055,
873,17122057,17122057,
874,17122090,17122090,
875,17123100,17123100,
876,17123200,17123200,
877,17123300,17123300,
878,17123400,17123400,
879,17123520,17123520,
880,17123540,17123540,
881,17124120,17124120,
882,17124140,17124140,
883,17124160,17124160,
884,17124180,17124180,
885,17124220,17124220,
886,17124240,17124240,
887,17124260,17124260,
888,17124280,17124280,
889,17124330,17124330,
890,17124360,17124360,
891,17124400,17124400,
892,17125110,17125110,
893,17125910,17125910,
894,17126000,17126000,
895,17127100,17127100,
896,17127200,17127200,
897,17127336,17127336,
898,17127360,17127360,
899,17127375,17127375,
900,17127379,17127379,
901,17127400,17127400,
902,17127500,17127500,
903,17127600,17127600,
904,17127710,17127710,
905,17127733,17127733,
906,17127735,17127735,
907,17127755,17127755,
908,17127759,17127759,
909,17127770,17127770,
910,17127780,17127780,
911,17127820,17127820,
912,17127850,17127850,
913,17127953,17127953,
914,17127955,17127955,
915,17127970,17127970,
916,17211100,17211100,
917,17211230,17211230,
918,17211250,17211250,
919,17211300,17211300,
920,17211400,17211400,
921,17211530,17211530,
922,17211550,17211550,
923,17221120,17221120,
924,17221140,17221140,
925,17221160,17221160,
926,17221180,17221180,
927,17221210,17221210,
928,17221220,17221220,
929,17221230,17221230,
930,17221240,17221240,
931,17221250,17221250,
932,17221290,17221290,
933,17221300,17221300,
934,17231100,17231100,
935,17231230,17231230,
936,17231250,17231250,
937,17231270,17231270,
938,17231313,17231313,
939,17231315,17231315,
940,17231317,17231317,
941,17231319,17231319,
942,17231330,17231330,
943,17231350,17231350,
944,17231370,17231370,
945,17231380,17231380,
946,17231390,17231390,
947,17231400,17231400,
948,17241100,17241100,
949,17241200,17241200,
950,17291120,17291120,
951,17291140,17291140,
952,17291160,17291160,
953,17291180,17291180,
954,17291200,17291200,
955,17291910,17291910,
956,17291920,17291920,
957,17291930,17291930,
958,17291951,17291951,
959,17291955,17291955,
960,17291957,17291957,
961,17291985,17291985,
962,18111000,18111000,
963,18121100,18121100,
964,18121230,18121230,
965,18121250,18121250,
966,18121300,18121300,
967,18121407,18121407,
968,18121414,18121414,
969,18121421,18121421,
970,18121428,18121428,
971,18121435,18121435,
972,18121442,18121442,
973,18121449,18121449,
974,18121456,18121456,
975,18121463,18121463,
976,18121610,18121610,
977,18121620,18121620,
978,18121910,18121910,
979,18121920,18121920,
980,18121930,18121930,
981,18121990,18121990,
982,18131000,18131000,
983,18132000,18132000,
984,18133000,18133000,
985,18141010,18141010,
986,18141030,18141030,
987,18141050,18141050,
988,18201010,18201010,
989,18201030,18201030,
990,18201050,18201050,
991,18201070,18201070,
992,18202050,18202050,
993,18202070,18202070,
994,18203030,18203030,
995,18203050,18203050,
996,18203070,18203070,
997,19103000,19103000,
998,20111120,20111120,
999,20111130,20111130,
1000,20111150,20111150,
1001,20111160,20111160,
1002,20111170,20111170,
1003,20111230,20111230,
1004,20111250,20111250,
1005,20111270,20111270,
1006,20111290,20111290,
1007,20111300,20111300,
1008,20121130,20121130,
1009,20121150,20121150,
1010,20121200,20121200,
1011,20121910,20121910,
1012,20121930,20121930,
1013,20121950,20121950,
1014,20121973,20121973,
1015,20121975,20121975,
1016,20121990,20121990,
1017,20122110,20122110,
1018,20122120,20122120,
1019,20122130,20122130,
1020,20122140,20122140,
1021,20122150,20122150,
1022,20122160,20122160,
1023,20122170,20122170,
1024,20122250,20122250,
1025,20122270,20122270,
1026,20122330,20122330,
1027,20122350,20122350,
1028,20122415,20122415,
1029,20122419,20122419,
1030,20122450,20122450,
1031,20132111,20132111,
1032,20132116,20132116,
1033,20132120,20132120,
1034,20132130,20132130,
1035,20132140,20132140,
1036,20132150,20132150,
1037,20132180,20132180,
1038,20132235,20132235,
1039,20132237,20132237,
1040,20132260,20132260,
1041,20132300,20132300,
1042,20132413,20132413,
1043,20132415,20132415,
1044,20132434,20132434,
1045,20132453,20132453,
1046,20132455,20132455,
1047,20132460,20132460,
1048,20132473,20132473,
1049,20132475,20132475,
1050,20132477,20132477,
1051,20132525,20132525,
1052,20132527,20132527,
1053,20132530,20132530,
1054,20132550,20132550,
1055,20132560,20132560,
1056,20132570,20132570,
1057,20132580,20132580,
1058,20133110,20133110,
1059,20133130,20133130,
1060,20133150,20133150,
1061,20133170,20133170,
1062,20133230,20133230,
1063,20133250,20133250,
1064,20134110,20134110,
1065,20134133,20134133,
1066,20134135,20134135,
1067,20134151,20134151,
1068,20134157,20134157,
1069,20134173,20134173,
1070,20134175,20134175,
1071,20134210,20134210,
1072,20134220,20134220,
1073,20134230,20134230,
1074,20134240,20134240,
1075,20134270,20134270,
1076,20134280,20134280,
1077,20134310,20134310,
1078,20134320,20134320,
1079,20134340,20134340,
1080,20134390,20134390,
1081,20135110,20135110,
1082,20135125,20135125,
1083,20135175,20135175,
1084,20135183,20135183,
1085,20135185,20135185,
1086,20135250,20135250,
1087,20135270,20135270,
1088,20135275,20135275,
1089,20135290,20135290,
1090,20136100,20136100,
1091,20136220,20136220,
1092,20136230,20136230,
1093,20136240,20136240,
1094,20136270,20136270,
1095,20136280,20136280,
1096,20136300,20136300,
1097,20136450,20136450,
1098,20136480,20136480,
1099,20136500,20136500,
1100,20136600,20136600,
1101,20136700,20136700,
1102,20136800,20136800,
1103,20141120,20141120,
1104,20141130,20141130,
1105,20141140,20141140,
1106,20141150,20141150,
1107,20141160,20141160,
1108,20141190,20141190,
1109,20141213,20141213,
1110,20141215,20141215,
1111,20141223,20141223,
1112,20141225,20141225,
1113,20141243,20141243,
1114,20141245,20141245,
1115,20141247,20141247,
1116,20141250,20141250,
1117,20141260,20141260,
1118,20141270,20141270,
1119,20141290,20141290,
1120,20141313,20141313,
1121,20141315,20141315,
1122,20141323,20141323,
1123,20141325,20141325,
1124,20141353,20141353,
1125,20141357,20141357,
1126,20141371,20141371,
1127,20141374,20141374,
1128,20141379,20141379,
1129,20141450,20141450,
1130,20141470,20141470,
1131,20141490,20141490,
1132,20141910,20141910,
1133,20141930,20141930,
1134,20141950,20141950,
1135,20141970,20141970,
1136,20142100,20142100,
1137,20142210,20142210,
1138,20142220,20142220,
1139,20142230,20142230,
1140,20142240,20142240,
1141,20142263,20142263,
1142,20142265,20142265,
1143,20142270,20142270,
1144,20142310,20142310,
1145,20142320,20142320,
1146,20142333,20142333,
1147,20142337,20142337,
1148,20142338,20142338,
1149,20142350,20142350,
1150,20142360,20142360,
1151,20142373,20142373,
1152,20142375,20142375,
1153,20142410,20142410,
1154,20142433,20142433,
1155,20142439,20142439,
1156,20142450,20142450,
1157,20143120,20143120,
1158,20143130,20143130,
1159,20143150,20143150,
1160,20143195,20143195,
1161,20143197,20143197,
1162,20143215,20143215,
1163,20143219,20143219,
1164,20143220,20143220,
1165,20143235,20143235,
1166,20143250,20143250,
1167,20143271,20143271,
1168,20143277,20143277,
1169,20143278,20143278,
1170,20143280,20143280,
1171,20143310,20143310,
1172,20143320,20143320,
1173,20143330,20143330,
1174,20143340,20143340,
1175,20143350,20143350,
1176,20143363,20143363,
1177,20143365,20143365,
1178,20143367,20143367,
1179,20143370,20143370,
1180,20143381,20143381,
1181,20143382,20143382,
1182,20143385,20143385,
1183,20143387,20143387,
1184,20143410,20143410,
1185,20143420,20143420,
1186,20143430,20143430,
1187,20143440,20143440,
1188,20143473,20143473,
1189,20143475,20143475,
1190,201434Z1,201434Z1,
1191,20144113,20144113,
1192,20144119,20144119,
1193,20144123,20144123,
1194,20144129,20144129,
1195,20144130,20144130,
1196,20144151,20144151,
1197,20144153,20144153,
1198,20144159,20144159,
1199,20144170,20144170,
1200,20144233,20144233,
1201,20144235,20144235,
1202,20144290,20144290,
1203,20144310,20144310,
1204,20144320,20144320,
1205,20144330,20144330,
1206,20144340,20144340,
1207,20144350,20144350,
1208,20144360,20144360,
1209,20144370,20144370,
1210,20144420,20144420,
1211,20144430,20144430,
1212,20144450,20144450,
1213,20144490,20144490,
1214,20145133,20145133,
1215,20145139,20145139,
1216,20145151,20145151,
1217,20145215,20145215,
1218,20145225,20145225,
1219,20145230,20145230,
1220,20145260,20145260,
1221,20145280,20145280,
1222,20145290,20145290,
1223,20145350,20145350,
1224,20145380,20145380,
1225,20146111,20146111,
1226,20146113,20146113,
1227,20146115,20146115,
1228,20146119,20146119,
1229,20146120,20146120,
1230,20146135,20146135,
1231,20146150,20146150,
1232,20146160,20146160,
1233,20146170,20146170,
1234,201461Z0,201461Z0,
1235,20146211,20146211,
1236,20146213,20146213,
1237,20146215,20146215,
1238,20146219,20146219,
1239,20146231,20146231,
1240,20146233,20146233,
1241,20146235,20146235,
1242,20146239,20146239,
1243,20146260,20146260,
1244,20146270,20146270,
1245,201462Z0,201462Z0,
1246,20146310,20146310,
1247,20146323,20146323,
1248,20146325,20146325,
1249,20146333,20146333,
1250,20146339,20146339,
1251,20146350,20146350,
1252,20146360,20146360,
1253,20146373,20146373,
1254,20146375,20146375,
1255,20146379,20146379,
1256,20146380,20146380,
1257,20146430,20146430,
1258,20146450,20146450,
1259,20146470,20146470,
1260,20147120,20147120,
1261,20147130,20147130,
1262,20147140,20147140,
1263,20147150,20147150,
1264,20147170,20147170,
1265,20147200,20147200,
1266,20147320,20147320,
1267,20147340,20147340,
1268,20147360,20147360,
1269,20147390,20147390,
1270,20147400,20147400,
1271,20147500,20147500,
1272,20151050,20151050,
1273,20151075,20151075,
1274,20151077,20151077,
1275,20152030,20152030,
1276,20152080,20152080,
1277,20153130,20153130,
1278,20153180,20153180,
1279,20153200,20153200,
1280,20153300,20153300,
1281,20153400,20153400,
1282,20153530,20153530,
1283,20153580,20153580,
1284,20153600,20153600,
1285,20153930,20153930,
1286,20153990,20153990,
1287,20154100,20154100,
1288,20154900,20154900,
1289,20155100,20155100,
1290,20155200,20155200,
1291,20155900,20155900,
1292,20156000,20156000,
1293,20157100,20157100,
1294,20157200,20157200,
1295,20157300,20157300,
1296,20157400,20157400,
1297,20157500,20157500,
1298,20157600,20157600,
1299,20157930,20157930,
1300,20157980,20157980,
1301,20158000,20158000,
1302,20161035,20161035,
1303,20161039,20161039,
1304,20161050,20161050,
1305,20161070,20161070,
1306,20161090,20161090,
1307,20162035,20162035,
1308,20162039,20162039,
1309,20162050,20162050,
1310,20162070,20162070,
1311,20162090,20162090,
1312,20163010,20163010,
1313,20163023,20163023,
1314,20163025,20163025,
1315,20163040,20163040,
1316,20163060,20163060,
1317,20163090,20163090,
1318,20164013,20164013,
1319,20164015,20164015,
1320,20164020,20164020,
1321,20164030,20164030,
1322,20164040,20164040,
1323,20164050,20164050,
1324,20164062,20164062,
1325,20164064,20164064,
1326,20164070,20164070,
1327,20164080,20164080,
1328,20164090,20164090,
1329,20165130,20165130,
1330,20165150,20165150,
1331,20165230,20165230,
1332,20165250,20165250,
1333,20165270,20165270,
1334,20165350,20165350,
1335,20165390,20165390,
1336,20165450,20165450,
1337,20165490,20165490,
1338,20165550,20165550,
1339,20165570,20165570,
1340,20165630,20165630,
1341,20165650,20165650,
1342,20165670,20165670,
1343,20165700,20165700,
1344,20165920,20165920,
1345,20165940,20165940,
1346,20165960,20165960,
1347,20165970,20165970,
1348,20171050,20171050,
1349,20171090,20171090,
1350,20201220,20201220,
1351,20201230,20201230,
1352,20201240,20201240,
1353,20201250,20201250,
1354,20201260,20201260,
1355,20201270,20201270,
1356,20201290,20201290,
1357,20201350,20201350,
1358,20201370,20201370,
1359,20201430,20201430,
1360,20201450,20201450,
1361,20201490,20201490,
1362,20201515,20201515,
1363,20201530,20201530,
1364,20201545,20201545,
1365,20201560,20201560,
1366,20201575,20201575,
1367,20201590,20201590,
1368,20201600,20201600,
1369,20201980,20201980,
1370,20301150,20301150,
1371,20301170,20301170,
1372,20301225,20301225,
1373,20301229,20301229,
1374,20301230,20301230,
1375,20301250,20301250,
1376,20301270,20301270,
1377,20301290,20301290,
1378,20302130,20302130,
1379,20302150,20302150,
1380,20302170,20302170,
1381,20302213,20302213,
1382,20302215,20302215,
1383,20302220,20302220,
1384,20302230,20302230,
1385,20302240,20302240,
1386,20302253,20302253,
1387,20302255,20302255,
1388,20302260,20302260,
1389,20302273,20302273,
1390,20302279,20302279,
1391,20302350,20302350,
1392,20302370,20302370,
1393,20302450,20302450,
1394,20302470,20302470,
1395,20411000,20411000,
1396,20412020,20412020,
1397,20412030,20412030,
1398,20412050,20412050,
1399,20412090,20412090,
1400,20413120,20413120,
1401,20413150,20413150,
1402,20413180,20413180,
1403,20413240,20413240,
1404,20413250,20413250,
1405,20413260,20413260,
1406,20413270,20413270,
1407,20414100,20414100,
1408,20414270,20414270,
1409,20414280,20414280,
1410,20414330,20414330,
1411,20414350,20414350,
1412,20414370,20414370,
1413,20414383,20414383,
1414,20414389,20414389,
1415,20414400,20414400,
1416,20421150,20421150,
1417,20421170,20421170,
1418,20421250,20421250,
1419,20421270,20421270,
1420,20421300,20421300,
1421,20421400,20421400,
1422,20421500,20421500,
1423,20421630,20421630,
1424,20421650,20421650,
1425,20421670,20421670,
1426,20421700,20421700,
1427,20421850,20421850,
1428,20421890,20421890,
1429,20421915,20421915,
1430,20421930,20421930,
1431,20421945,20421945,
1432,20421960,20421960,
1433,20421975,20421975,
1434,20421990,20421990,
1435,20511130,20511130,
1436,20511150,20511150,
1437,20511250,20511250,
1438,20511270,20511270,
1439,20511300,20511300,
1440,20511400,20511400,
1441,20512000,20512000,
1442,20521020,20521020,
1443,20521040,20521040,
1444,20521060,20521060,
1445,20521080,20521080,
1446,20531020,20531020,
1447,20531030,20531030,
1448,20531050,20531050,
1449,20531075,20531075,
1450,20531079,20531079,
1451,20591130,20591130,
1452,20591150,20591150,
1453,20591170,20591170,
1454,20591200,20591200,
1455,20592000,20592000,
1456,20593000,20593000,
1457,20594155,20594155,
1458,20594158,20594158,
1459,20594159,20594159,
1460,20594175,20594175,
1461,20594179,20594179,
1462,20594250,20594250,
1463,20594270,20594270,
1464,20594290,20594290,
1465,20594330,20594330,
1466,20594350,20594350,
1467,20595100,20595100,
1468,20595210,20595210,
1469,20595230,20595230,
1470,20595250,20595250,
1471,20595270,20595270,
1472,20595300,20595300,
1473,20595400,20595400,
1474,20595550,20595550,
1475,20595570,20595570,
1476,20595580,20595580,
1477,20595590,20595590,
1478,20595620,20595620,
1479,20595630,20595630,
1480,20595640,20595640,
1481,20595650,20595650,
1482,20595660,20595660,
1483,20595670,20595670,
1484,20595720,20595720,
1485,20595730,20595730,
1486,20595740,20595740,
1487,20595750,20595750,
1488,20595770,20595770,
1489,20595800,20595800,
1490,20595910,20595910,
1491,20595940,20595940,
1492,20595953,20595953,
1493,20595957,20595957,
1494,20595963,20595963,
1495,20595965,20595965,
1496,20595967,20595967,
1497,20595971,20595971,
1498,20595975,20595975,
1499,20595994,20595994,
1500,20596020,20596020,
1501,20596050,20596050,
1502,20596080,20596080,
1503,20601110,20601110,
1504,20601120,20601120,
1505,20601130,20601130,
1506,20601140,20601140,
1507,20601150,20601150,
1508,20601190,20601190,
1509,20601220,20601220,
1510,20601240,20601240,
1511,20601260,20601260,
1512,20601310,20601310,
1513,20601320,20601320,
1514,20601330,20601330,
1515,20601340,20601340,
1516,20601350,20601350,
1517,20601390,20601390,
1518,20601420,20601420,
1519,20601440,20601440,
1520,20602140,20602140,
1521,20602200,20602200,
1522,20602320,20602320,
1523,20602340,20602340,
1524,20602390,20602390,
1525,20602400,20602400,
1526,21101030,21101030,
1527,21101050,21101050,
1528,21101070,21101070,
1529,21102010,21102010,
1530,21102020,21102020,
1531,21102040,21102040,
1532,21102060,21102060,
1533,21102070,21102070,
1534,21103117,21103117,
1535,21103119,21103119,
1536,21103130,21103130,
1537,21103140,21103140,
1538,21103155,21103155,
1539,21103159,21103159,
1540,21103170,21103170,
1541,21103180,21103180,
1542,21103200,21103200,
1543,21104000,21104000,
1544,21105100,21105100,
1545,21105200,21105200,
1546,21105300,21105300,
1547,21105400,21105400,
1548,21106020,21106020,
1549,21106040,21106040,
1550,21106055,21106055,
1551,21201130,21201130,
1552,21201150,21201150,
1553,21201160,21201160,
1554,21201180,21201180,
1555,21201230,21201230,
1556,21201250,21201250,
1557,21201260,21201260,
1558,21201270,21201270,
1559,21201310,21201310,
1560,21201320,21201320,
1561,21201340,21201340,
1562,21201360,21201360,
1563,21201380,21201380,
1564,21202125,21202125,
1565,21202145,21202145,
1566,21202160,21202160,
1567,21202200,21202200,
1568,21202320,21202320,
1569,21202340,21202340,
1570,21202420,21202420,
1571,21202430,21202430,
1572,21202440,21202440,
1573,21202460,21202460,
1574,22111100,22111100,
1575,22111200,22111200,
1576,22111355,22111355,
1577,22111357,22111357,
1578,22111370,22111370,
1579,22111400,22111400,
1580,22111530,22111530,
1581,22111550,22111550,
1582,22111570,22111570,
1583,22111600,22111600,
1584,22112030,22112030,
1585,22112050,22112050,
1586,22112090,22112090,
1587,22191000,22191000,
1588,22192013,22192013,
1589,22192019,22192019,
1590,22192030,22192030,
1591,22192050,22192050,
1592,22192070,22192070,
1593,22192083,22192083,
1594,22192085,22192085,
1595,22192087,22192087,
1596,22193030,22193030,
1597,22193055,22193055,
1598,22193057,22193057,
1599,22193059,22193059,
1600,22193070,22193070,
1601,22194030,22194030,
1602,22194050,22194050,
1603,22194070,22194070,
1604,22194090,22194090,
1605,22195050,22195050,
1606,22195070,22195070,
1607,22196000,22196000,
1608,22197120,22197120,
1609,22197130,22197130,
1610,22197200,22197200,
1611,22197310,22197310,
1612,22197321,22197321,
1613,22197323,22197323,
1614,22197330,22197330,
1615,22197345,22197345,
1616,22197347,22197347,
1617,22197349,22197349,
1618,22197350,22197350,
1619,22197365,22197365,
1620,22197379,22197379,
1621,22211050,22211050,
1622,22211070,22211070,
1623,22211090,22211090,
1624,22212130,22212130,
1625,22212153,22212153,
1626,22212155,22212155,
1627,22212157,22212157,
1628,22212170,22212170,
1629,22212920,22212920,
1630,22212935,22212935,
1631,22212937,22212937,
1632,22212950,22212950,
1633,22212970,22212970,
1634,22213010,22213010,
1635,22213017,22213017,
1636,22213021,22213021,
1637,22213023,22213023,
1638,22213026,22213026,
1639,22213030,22213030,
1640,22213035,22213035,
1641,22213036,22213036,
1642,22213037,22213037,
1643,22213038,22213038,
1644,22213053,22213053,
1645,22213059,22213059,
1646,22213061,22213061,
1647,22213063,22213063,
1648,22213065,22213065,
1649,22213067,22213067,
1650,22213069,22213069,
1651,22213070,22213070,
1652,22213082,22213082,
1653,22213086,22213086,
1654,22213090,22213090,
1655,22214120,22214120,
1656,22214130,22214130,
1657,22214150,22214150,
1658,22214170,22214170,
1659,22214180,22214180,
1660,22214230,22214230,
1661,22214250,22214250,
1662,22214275,22214275,
1663,22214279,22214279,
1664,22214280,22214280,
1665,22221100,22221100,
1666,22221200,22221200,
1667,22221300,22221300,
1668,22221450,22221450,
1669,22221470,22221470,
1670,22221910,22221910,
1671,22221925,22221925,
1672,22221950,22221950,
1673,22231155,22231155,
1674,22231159,22231159,
1675,22231190,22231190,
1676,22231250,22231250,
1677,22231270,22231270,
1678,22231290,22231290,
1679,22231300,22231300,
1680,22231450,22231450,
1681,22231470,22231470,
1682,22231500,22231500,
1683,22231950,22231950,
1684,22231990,22231990,
1685,22232000,22232000,
1686,22291000,22291000,
1687,22292130,22292130,
1688,22292140,22292140,
1689,22292240,22292240,
1690,22292320,22292320,
1691,22292340,22292340,
1692,22292400,22292400,
1693,22292500,22292500,
1694,22292610,22292610,
1695,22292620,22292620,
1696,22292630,22292630,
1697,22292910,22292910,
1698,22292915,22292915,
1699,22292920,22292920,
1700,22292950,22292950,
1701,22292995,22292995,
1702,22299110,22299110,
1703,22299125,22299125,
1704,22299127,22299127,
1705,22299130,22299130,
1706,22299140,22299140,
1707,22299150,22299150,
1708,22299160,22299160,
1709,22299180,22299180,
1710,22299193,22299193,
1711,22299197,22299197,
1712,23111110,23111110,
1713,23111130,23111130,
1714,23111150,23111150,
1715,23111212,23111212,
1716,23111214,23111214,
1717,23111217,23111217,
1718,23111230,23111230,
1719,23111290,23111290,
1720,23121150,23121150,
1721,23121190,23121190,
1722,23121210,23121210,
1723,23121230,23121230,
1724,23121250,23121250,
1725,23121270,23121270,
1726,23121330,23121330,
1727,23121350,23121350,
1728,23121390,23121390,
1729,23131110,23131110,
1730,23131120,23131120,
1731,23131130,23131130,
1732,23131140,23131140,
1733,23131150,23131150,
1734,23131160,23131160,
1735,23131170,23131170,
1736,23131180,23131180,
1737,23131220,23131220,
1738,23131240,23131240,
1739,23131260,23131260,
1740,23131290,23131290,
1741,23131310,23131310,
1742,23131330,23131330,
1743,23131350,23131350,
1744,23131360,23131360,
1745,23131390,23131390,
1746,23131400,23131400,
1747,23141110,23141110,
1748,23141130,23141130,
1749,23141150,23141150,
1750,23141170,23141170,
1751,23141220,23141220,
1752,23141240,23141240,
1753,23141250,23141250,
1754,23141297,23141297,
1755,23191110,23191110,
1756,23191130,23191130,
1757,23191150,23191150,
1758,23191200,23191200,
1759,23192100,23192100,
1760,23192200,23192200,
1761,23192330,23192330,
1762,23192350,23192350,
1763,23192400,23192400,
1764,23192500,23192500,
1765,23192640,23192640,
1766,23192670,23192670,
1767,23192690,23192690,
1768,23201100,23201100,
1769,23201210,23201210,
1770,23201233,23201233,
1771,23201235,23201235,
1772,23201237,23201237,
1773,23201290,23201290,
1774,23201300,23201300,
1775,23201410,23201410,
1776,23201430,23201430,
1777,23201455,23201455,
1778,23201459,23201459,
1779,23201490,23201490,
1780,23321110,23321110,
1781,23321130,23321130,
1782,23321250,23321250,
1783,23321270,23321270,
1784,23321300,23321300,
1785,23411130,23411130,
1786,23411150,23411150,
1787,23411210,23411210,
1788,23411230,23411230,
1789,23411250,23411250,
1790,23411290,23411290,
1791,23411330,23411330,
1792,23411350,23411350,
1793,23421030,23421030,
1794,23421050,23421050,
1795,23431030,23431030,
1796,23431050,23431050,
1797,23441100,23441100,
1798,23441210,23441210,
1799,23441230,23441230,
1800,23491100,23491100,
1801,23491230,23491230,
1802,23491250,23491250,
1803,23511100,23511100,
1804,23511210,23511210,
1805,23511290,23511290,
1806,23521033,23521033,
1807,23521035,23521035,
1808,23521050,23521050,
1809,23522000,23522000,
1810,23523030,23523030,
1811,23523050,23523050,
1812,23611130,23611130,
1813,23611150,23611150,
1814,23611200,23611200,
1815,23612000,23612000,
1816,23621050,23621050,
1817,23621090,23621090,
1818,23631000,23631000,
1819,23641000,23641000,
1820,23651100,23651100,
1821,23651220,23651220,
1822,23651240,23651240,
1823,23651270,23651270,
1824,23691100,23691100,
1825,23691930,23691930,
1826,23691980,23691980,
1827,236919Z0,236919Z0,
1828,23701100,23701100,
1829,23701210,23701210,
1830,23701230,23701230,
1831,23701260,23701260,
1832,23701270,23701270,
1833,23701280,23701280,
1834,23911110,23911110,
1835,23911120,23911120,
1836,23911130,23911130,
1837,23911140,23911140,
1838,23911150,23911150,
1839,23911190,23911190,
1840,23911230,23911230,
1841,23911250,23911250,
1842,23911290,23911290,
1843,23991100,23991100,
1844,23991255,23991255,
1845,23991290,23991290,
1846,23991310,23991310,
1847,23991320,23991320,
1848,23991400,23991400,
1849,23991500,23991500,
1850,23991910,23991910,
1851,23991920,23991920,
1852,23991930,23991930,
1853,23991950,23991950,
1854,23991970,23991970,
1855,23991980,23991980,
1856,23991990,23991990,
1857,24101100,24101100,
1858,24101215,24101215,
1859,24101230,24101230,
1860,24101245,24101245,
1861,24101260,24101260,
1862,24101275,24101275,
1863,24101290,24101290,
1864,24101300,24101300,
1865,24101410,24101410,
1866,24101420,24101420,
1867,24102110,24102110,
1868,24102121,24102121,
1869,24102122,24102122,
1870,241021Z0,241021Z0,
1871,24102210,24102210,
1872,24102221,24102221,
1873,24102222,24102222,
1874,241022Z0,241022Z0,
1875,24102310,24102310,
1876,24102321,24102321,
1877,24102322,24102322,
1878,241023Z0,241023Z0,
1879,24103110,24103110,
1880,24103130,24103130,
1881,24103150,24103150,
1882,24103210,24103210,
1883,24103230,24103230,
1884,24103310,24103310,
1885,24103320,24103320,
1886,24103330,24103330,
1887,24103340,24103340,
1888,241033Z0,241033Z0,
1889,24103410,24103410,
1890,24103420,24103420,
1891,241034Z0,241034Z0,
1892,24103510,24103510,
1893,24103520,24103520,
1894,24103530,24103530,
1895,24103540,24103540,
1896,24103550,24103550,
1897,24103600,24103600,
1898,24104110,24104110,
1899,24104130,24104130,
1900,24104150,24104150,
1901,241041Z0,241041Z0,
1902,24104200,24104200,
1903,24104300,24104300,
1904,24105110,24105110,
1905,24105120,24105120,
1906,24105130,24105130,
1907,24105140,24105140,
1908,24105150,24105150,
1909,24105210,24105210,
1910,24105230,24105230,
1911,24105310,24105310,
1912,24105330,24105330,
1913,24105410,24105410,
1914,24105430,24105430,
1915,24105500,24105500,
1916,24106110,24106110,
1917,24106120,24106120,
1918,24106130,24106130,
1919,24106140,24106140,
1920,24106190,24106190,
1921,24106210,24106210,
1922,24106230,24106230,
1923,24106250,24106250,
1924,24106300,24106300,
1925,24106410,24106410,
1926,24106430,24106430,
1927,24106450,24106450,
1928,24106470,24106470,
1929,24106510,24106510,
1930,24106530,24106530,
1931,24106550,24106550,
1932,24106570,24106570,
1933,24106610,24106610,
1934,24106620,24106620,
1935,24106630,24106630,
1936,24106640,24106640,
1937,24106650,24106650,
1938,24106660,24106660,
1939,24106700,24106700,
1940,24107110,24107110,
1941,24107120,24107120,
1942,24107130,24107130,
1943,24107140,24107140,
1944,24107200,24107200,
1945,24107300,24107300,
1946,24107410,24107410,
1947,24107420,24107420,
1948,24107500,24107500,
1949,2410T110,2410T110,
1950,2410T121,2410T121,
1951,2410T122,2410T122,
1952,2410T131,2410T131,
1953,2410T132,2410T132,
1954,2410T141,2410T141,
1955,2410T142,2410T142,
1956,2410T211,2410T211,
1957,2410T212,2410T212,
1958,2410T221,2410T221,
1959,2410T222,2410T222,
1960,2410T231,2410T231,
1961,2410T241,2410T241,
1962,2410T242,2410T242,
1963,2410T243,2410T243,
1964,2410T244,2410T244,
1965,2410T251,2410T251,
1966,2410T252,2410T252,
1967,2410T260,2410T260,
1968,2410T310,2410T310,
1969,2410T320,2410T320,
1970,2410T330,2410T330,
1971,2410T340,2410T340,
1972,2410T350,2410T350,
1973,2410T360,2410T360,
1974,24201110,24201110,
1975,24201150,24201150,
1976,24201210,24201210,
1977,24201250,24201250,
1978,24201310,24201310,
1979,24201330,24201330,
1980,24201350,24201350,
1981,24201370,24201370,
1982,24201400,24201400,
1983,24202110,24202110,
1984,24202150,24202150,
1985,24202200,24202200,
1986,24202300,24202300,
1987,24202400,24202400,
1988,24203110,24203110,
1989,24203150,24203150,
1990,24203210,24203210,
1991,24203250,24203250,
1992,24203310,24203310,
1993,24203340,24203340,
1994,24203370,24203370,
1995,24203410,24203410,
1996,24203430,24203430,
1997,24203450,24203450,
1998,24203470,24203470,
1999,24203500,24203500,
2000,24204010,24204010,
2001,24204030,24204030,
2002,24204050,24204050,
2003,24204073,24204073,
2004,24204075,24204075,
2005,24311010,24311010,
2006,24311020,24311020,
2007,24311030,24311030,
2008,24311040,24311040,
2009,24311050,24311050,
2010,24311060,24311060,
2011,24312010,24312010,
2012,24312020,24312020,
2013,24312030,24312030,
2014,24312040,24312040,
2015,24312050,24312050,
2016,24313000,24313000,
2017,24321011,24321011,
2018,24321012,24321012,
2019,24321014,24321014,
2020,24321016,24321016,
2021,24321018,24321018,
2022,24321022,24321022,
2023,24321025,24321025,
2024,24321028,24321028,
2025,24321030,24321030,
2026,24321040,24321040,
2027,24321050,24321050,
2028,243210Z1,243210Z1,
2029,243210Z2,243210Z2,
2030,24322010,24322010,
2031,24322020,24322020,
2032,24322030,24322030,
2033,24322040,24322040,
2034,24322050,24322050,
2035,24322060,24322060,
2036,243220Z1,243220Z1,
2037,243220Z2,243220Z2,
2038,24331110,24331110,
2039,24331130,24331130,
2040,24331150,24331150,
2041,24331200,24331200,
2042,24332000,24332000,
2043,24333000,24333000,
2044,24341130,24341130,
2045,24341150,24341150,
2046,24341170,24341170,
2047,24341200,24341200,
2048,24341300,24341300,
2049,24411030,24411030,
2050,24411050,24411050,
2051,24412030,24412030,
2052,24412050,24412050,
2053,24412070,24412070,
2054,24413030,24413030,
2055,24413050,24413050,
2056,24413070,24413070,
2057,24414000,24414000,
2058,24415030,24415030,
2059,24415050,24415050,
2060,24421130,24421130,
2061,24421154,24421154,
2062,24421200,24421200,
2063,24422100,24422100,
2064,24422230,24422230,
2065,24422250,24422250,
2066,24422330,24422330,
2067,24422350,24422350,
2068,24422430,24422430,
2069,24422450,24422450,
2070,24422500,24422500,
2071,24422630,24422630,
2072,24422650,24422650,
2073,24422670,24422670,
2074,24431130,24431130,
2075,24431150,24431150,
2076,24431190,24431190,
2077,24431230,24431230,
2078,24431250,24431250,
2079,24431330,24431330,
2080,24431350,24431350,
2081,24432100,24432100,
2082,24432200,24432200,
2083,24432300,24432300,
2084,24432400,24432400,
2085,24441100,24441100,
2086,24441200,24441200,
2087,24441330,24441330,
2088,24441370,24441370,
2089,24442100,24442100,
2090,24442200,24442200,
2091,24442330,24442330,
2092,24442350,24442350,
2093,24442370,24442370,
2094,24442400,24442400,
2095,24442500,24442500,
2096,24442630,24442630,
2097,24442650,24442650,
2098,24451100,24451100,
2099,24451200,24451200,
2100,24452100,24452100,
2101,24452200,24452200,
2102,24452300,24452300,
2103,24452400,24452400,
2104,24453013,24453013,
2105,24453017,24453017,
2106,24453023,24453023,
2107,24453025,24453025,
2108,24453027,24453027,
2109,24453030,24453030,
2110,24453043,24453043,
2111,24453047,24453047,
2112,24453055,24453055,
2113,24453057,24453057,
2114,24511110,24511110,
2115,24511190,24511190,
2116,24511210,24511210,
2117,24511220,24511220,
2118,24511240,24511240,
2119,24511250,24511250,
2120,24511290,24511290,
2121,24511310,24511310,
2122,24511320,24511320,
2123,24511340,24511340,
2124,24511350,24511350,
2125,24511390,24511390,
2126,24512000,24512000,
2127,24513030,24513030,
2128,24513050,24513050,
2129,24521010,24521010,
2130,24521030,24521030,
2131,24521040,24521040,
2132,24521050,24521050,
2133,24521090,24521090,
2134,24523000,24523000,
2135,24531010,24531010,
2136,24531020,24531020,
2137,24531040,24531040,
2138,24531050,24531050,
2139,24531090,24531090,
2140,24541010,24541010,
2141,24541020,24541020,
2142,24541040,24541040,
2143,24541050,24541050,
2144,24541090,24541090,
2145,25111030,25111030,
2146,25111050,25111050,
2147,25112100,25112100,
2148,25112200,25112200,
2149,25112310,25112310,
2150,25112350,25112350,
2151,25112355,25112355,
2152,25112370,25112370,
2153,25121030,25121030,
2154,25121050,25121050,
2155,25211100,25211100,
2156,25211200,25211200,
2157,25211300,25211300,
2158,25291110,25291110,
2159,25291120,25291120,
2160,25291130,25291130,
2161,25291150,25291150,
2162,25291170,25291170,
2163,25291200,25291200,
2164,25301110,25301110,
2165,25301150,25301150,
2166,25301170,25301170,
2167,25301230,25301230,
2168,25301250,25301250,
2169,25301330,25301330,
2170,25301350,25301350,
2171,25302100,25302100,
2172,25302200,25302200,
2173,25401230,25401230,
2174,25401250,25401250,
2175,25401270,25401270,
2176,25401290,25401290,
2177,25401300,25401300,
2178,25401400,25401400,
2179,25501134,25501134,
2180,25501137,25501137,
2181,25501151,25501151,
2182,25501152,25501152,
2183,25501153,25501153,
2184,25501154,25501154,
2185,25501156,25501156,
2186,25501157,25501157,
2187,25501158,25501158,
2188,25501210,25501210,
2189,25501220,25501220,
2190,25501230,25501230,
2191,25501240,25501240,
2192,25501250,25501250,
2193,25501260,25501260,
2194,25501270,25501270,
2195,25501280,25501280,
2196,25501290,25501290,
2197,25501310,25501310,
2198,25501320,25501320,
2199,25501330,25501330,
2200,25501340,25501340,
2201,25501350,25501350,
2202,25501370,25501370,
2203,25502020,25502020,
2204,25502080,25502080,
2205,25611130,25611130,
2206,25611150,25611150,
2207,25611170,25611170,
2208,25611190,25611190,
2209,25611230,25611230,
2210,25611250,25611250,
2211,25612100,25612100,
2212,25612230,25612230,
2213,25612250,25612250,
2214,25612270,25612270,
2215,25612290,25612290,
2216,25621001,25621001,
2217,25621003,25621003,
2218,25621005,25621005,
2219,25621007,25621007,
2220,25621009,25621009,
2221,25621011,25621011,
2222,25621013,25621013,
2223,25622000,25622000,
2224,25711120,25711120,
2225,25711145,25711145,
2226,25711160,25711160,
2227,25711175,25711175,
2228,25711190,25711190,
2229,25711230,25711230,
2230,25711280,25711280,
2231,25711330,25711330,
2232,25711350,25711350,
2233,25711370,25711370,
2234,25711430,25711430,
2235,25711480,25711480,
2236,25711500,25711500,
2237,25721130,25721130,
2238,25721150,25721150,
2239,25721170,25721170,
2240,25721230,25721230,
2241,25721250,25721250,
2242,25721270,25721270,
2243,25721330,25721330,
2244,25721350,25721350,
2245,25721370,25721370,
2246,25721410,25721410,
2247,25721420,25721420,
2248,25721430,25721430,
2249,25721440,25721440,
2250,25721450,25721450,
2251,25721460,25721460,
2252,25721470,25721470,
2253,25721480,25721480,
2254,25731010,25731010,
2255,25731030,25731030,
2256,25731040,25731040,
2257,25731050,25731050,
2258,25731055,25731055,
2259,25731060,25731060,
2260,25732010,25732010,
2261,25732020,25732020,
2262,25732030,25732030,
2263,25732050,25732050,
2264,25732093,25732093,
2265,25732097,25732097,
2266,25733013,25733013,
2267,25733016,25733016,
2268,25733023,25733023,
2269,25733025,25733025,
2270,25733033,25733033,
2271,25733035,25733035,
2272,25733037,25733037,
2273,25733053,25733053,
2274,25733055,25733055,
2275,25733057,25733057,
2276,25733063,25733063,
2277,25733065,25733065,
2278,25733073,25733073,
2279,25733077,25733077,
2280,25733083,25733083,
2281,25733085,25733085,
2282,25733087,25733087,
2283,25734014,25734014,
2284,25734016,25734016,
2285,25734019,25734019,
2286,25734023,25734023,
2287,25734025,25734025,
2288,25734027,25734027,
2289,25734031,25734031,
2290,25734033,25734033,
2291,25734035,25734035,
2292,25734037,25734037,
2293,25734044,25734044,
2294,25734045,25734045,
2295,25734048,25734048,
2296,25734050,25734050,
2297,25734061,25734061,
2298,25734066,25734066,
2299,25734069,25734069,
2300,25734071,25734071,
2301,25734074,25734074,
2302,25734079,25734079,
2303,25734081,25734081,
2304,25734083,25734083,
2305,25734085,25734085,
2306,25734087,25734087,
2307,25734089,25734089,
2308,25735013,25735013,
2309,25735015,25735015,
2310,25735020,25735020,
2311,25735030,25735030,
2312,25735050,25735050,
2313,25735060,25735060,
2314,25735070,25735070,
2315,25735080,25735080,
2316,25736013,25736013,
2317,25736018,25736018,
2318,25736023,25736023,
2319,25736024,25736024,
2320,25736033,25736033,
2321,25736039,25736039,
2322,25736043,25736043,
2323,25736045,25736045,
2324,25736050,25736050,
2325,25736063,25736063,
2326,25736065,25736065,
2327,25736067,25736067,
2328,25736090,25736090,
2329,25911100,25911100,
2330,25911200,25911200,
2331,25921133,25921133,
2332,25921135,25921135,
2333,25921150,25921150,
2334,25921210,25921210,
2335,25921240,25921240,
2336,25921260,25921260,
2337,25921330,25921330,
2338,25921350,25921350,
2339,25921370,25921370,
2340,25931130,25931130,
2341,25931150,25931150,
2342,25931230,25931230,
2343,25931250,25931250,
2344,25931270,25931270,
2345,25931313,25931313,
2346,25931315,25931315,
2347,25931320,25931320,
2348,25931330,25931330,
2349,25931343,25931343,
2350,25931345,25931345,
2351,25931350,25931350,
2352,25931360,25931360,
2353,25931400,25931400,
2354,25931510,25931510,
2355,25931530,25931530,
2356,25931550,25931550,
2357,25931570,25931570,
2358,25931613,25931613,
2359,25931615,25931615,
2360,25931617,25931617,
2361,25931631,25931631,
2362,25931633,25931633,
2363,25931635,25931635,
2364,25931637,25931637,
2365,25931653,25931653,
2366,25931655,25931655,
2367,25931660,25931660,
2368,25931680,25931680,
2369,25931710,25931710,
2370,25931724,25931724,
2371,25931730,25931730,
2372,25931750,25931750,
2373,25931770,25931770,
2374,25931780,25931780,
2375,25931800,25931800,
2376,25941115,25941115,
2377,25941153,25941153,
2378,25941157,25941157,
2379,25941173,25941173,
2380,25941175,25941175,
2381,25941190,25941190,
2382,25941210,25941210,
2383,25941230,25941230,
2384,25941250,25941250,
2385,25941270,25941270,
2386,25941310,25941310,
2387,25941340,25941340,
2388,25941370,25941370,
2389,25991110,25991110,
2390,25991127,25991127,
2391,25991131,25991131,
2392,25991135,25991135,
2393,25991137,25991137,
2394,25991217,25991217,
2395,25991225,25991225,
2396,25991237,25991237,
2397,25991245,25991245,
2398,25991253,25991253,
2399,25991255,25991255,
2400,25991257,25991257,
2401,25991270,25991270,
2402,25991280,25991280,
2403,25992120,25992120,
2404,25992170,25992170,
2405,25992200,25992200,
2406,25992330,25992330,
2407,25992350,25992350,
2408,25992370,25992370,
2409,25992400,25992400,
2410,25992530,25992530,
2411,25992550,25992550,
2412,25992570,25992570,
2413,25992600,25992600,
2414,25992910,25992910,
2415,25992911,25992911,
2416,25992913,25992913,
2417,25992919,25992919,
2418,25992922,25992922,
2419,25992925,25992925,
2420,25992928,25992928,
2421,25992929,25992929,
2422,25992931,25992931,
2423,25992933,25992933,
2424,25992935,25992935,
2425,25992937,25992937,
2426,25992945,25992945,
2427,25992955,25992955,
2428,25992958,25992958,
2429,25992960,25992960,
2430,25992972,25992972,
2431,25992974,25992974,
2432,25992979,25992979,
2433,25992982,25992982,
2434,25992983,25992983,
2435,25992985,25992985,
2436,25992987,25992987,
2437,25992995,25992995,
2438,26111100,26111100,
2439,26111200,26111200,
2440,26112120,26112120,
2441,26112150,26112150,
2442,26112180,26112180,
2443,26112220,26112220,
2444,26112240,26112240,
2445,26112260,26112260,
2446,26112280,26112280,
2447,26113003,26113003,
2448,26113006,26113006,
2449,26113023,26113023,
2450,26113027,26113027,
2451,26113034,26113034,
2452,26113054,26113054,
2453,26113065,26113065,
2454,26113067,26113067,
2455,26113080,26113080,
2456,26113091,26113091,
2457,26113094,26113094,
2458,26114010,26114010,
2459,26114040,26114040,
2460,26114070,26114070,
2461,26114090,26114090,
2462,26115020,26115020,
2463,26115050,26115050,
2464,26121080,26121080,
2465,26122000,26122000,
2466,26123000,26123000,
2467,26201100,26201100,
2468,26201200,26201200,
2469,26201300,26201300,
2470,26201400,26201400,
2471,26201500,26201500,
2472,26201640,26201640,
2473,26201650,26201650,
2474,26201660,26201660,
2475,26201700,26201700,
2476,26201800,26201800,
2477,26202100,26202100,
2478,26202200,26202200,
2479,26203000,26203000,
2480,26204000,26204000,
2481,26301100,26301100,
2482,26301200,26301200,
2483,26301300,26301300,
2484,26302100,26302100,
2485,26302200,26302200,
2486,26302310,26302310,
2487,26302320,26302320,
2488,26302330,26302330,
2489,26302340,26302340,
2490,26302370,26302370,
2491,26303000,26303000,
2492,26304010,26304010,
2493,26304035,26304035,
2494,26304039,26304039,
2495,26304040,26304040,
2496,26304050,26304050,
2497,26304060,26304060,
2498,26304070,26304070,
2499,26305020,26305020,
2500,26305080,26305080,
2501,26401100,26401100,
2502,26401270,26401270,
2503,26401290,26401290,
2504,26402020,26402020,
2505,26402040,26402040,
2506,26402090,26402090,
2507,26403100,26403100,
2508,26403200,26403200,
2509,26403300,26403300,
2510,26404100,26404100,
2511,26404235,26404235,
2512,26404237,26404237,
2513,26404239,26404239,
2514,26404270,26404270,
2515,26404355,26404355,
2516,26404359,26404359,
2517,26404370,26404370,
2518,26404400,26404400,
2519,26405150,26405150,
2520,26405170,26405170,
2521,26405180,26405180,
2522,26405200,26405200,
2523,26406050,26406050,
2524,26511120,26511120,
2525,26511150,26511150,
2526,26511180,26511180,
2527,26512020,26512020,
2528,26512050,26512050,
2529,26512080,26512080,
2530,26513100,26513100,
2531,26513200,26513200,
2532,26513300,26513300,
2533,26514100,26514100,
2534,26514200,26514200,
2535,26514400,26514400,
2536,26515110,26515110,
2537,26515135,26515135,
2538,26515139,26515139,
2539,26515150,26515150,
2540,26515175,26515175,
2541,26515179,26515179,
2542,26515235,26515235,
2543,26515239,26515239,
2544,26515255,26515255,
2545,26515259,26515259,
2546,26515271,26515271,
2547,26515274,26515274,
2548,26515279,26515279,
2549,26515283,26515283,
2550,26515289,26515289,
2551,26515313,26515313,
2552,26515319,26515319,
2553,26515320,26515320,
2554,26515330,26515330,
2555,26515381,26515381,
2556,26515383,26515383,
2557,26515395,26515395,
2558,26516100,26516100,
2559,26516330,26516330,
2560,26516350,26516350,
2561,26516370,26516370,
2562,26516430,26516430,
2563,26516453,26516453,
2564,26516455,26516455,
2565,26516500,26516500,
2566,26516620,26516620,
2567,26517015,26517015,
2568,26517019,26517019,
2569,26517030,26517030,
2570,26517090,26517090,
2571,26518100,26518100,
2572,26518200,26518200,
2573,26518300,26518300,
2574,26518433,26518433,
2575,26518435,26518435,
2576,26518450,26518450,
2577,26518530,26518530,
2578,26518550,26518550,
2579,26518600,26518600,
2580,26521100,26521100,
2581,26521200,26521200,
2582,26521300,26521300,
2583,26521400,26521400,
2584,26522110,26522110,
2585,26522210,26522210,
2586,26522310,26522310,
2587,26522410,26522410,
2588,26522440,26522440,
2589,26522470,26522470,
2590,26601115,26601115,
2591,26601119,26601119,
2592,26601130,26601130,
2593,26601150,26601150,
2594,26601170,26601170,
2595,26601230,26601230,
2596,26601280,26601280,
2597,26601300,26601300,
2598,26601433,26601433,
2599,26601439,26601439,
2600,26601450,26601450,
2601,26701100,26701100,
2602,26701250,26701250,
2603,26701300,26701300,
2604,26701400,26701400,
2605,26701500,26701500,
2606,26701650,26701650,
2607,26701910,26701910,
2608,26701990,26701990,
2609,26702153,26702153,
2610,26702155,26702155,
2611,26702170,26702170,
2612,26702180,26702180,
2613,26702230,26702230,
2614,26702250,26702250,
2615,26702270,26702270,
2616,26702310,26702310,
2617,26702330,26702330,
2618,26702390,26702390,
2619,26702420,26702420,
2620,26702450,26702450,
2621,26702490,26702490,
2622,26702510,26702510,
2623,26702530,26702530,
2624,26702610,26702610,
2625,26702630,26702630,
2626,26801100,26801100,
2627,26801200,26801200,
2628,26801300,26801300,
2629,26801400,26801400,
2630,269900Z0,269900Z0,
2631,269900Z2,269900Z2,
2632,27111010,27111010,
2633,27111030,27111030,
2634,27111050,27111050,
2635,27111070,27111070,
2636,27111090,27111090,
2637,27112100,27112100,
2638,27112230,27112230,
2639,27112250,27112250,
2640,27112300,27112300,
2641,27112403,27112403,
2642,27112405,27112405,
2643,27112407,27112407,
2644,27112530,27112530,
2645,27112540,27112540,
2646,27112560,27112560,
2647,27112590,27112590,
2648,27112610,27112610,
2649,27112630,27112630,
2650,27112650,27112650,
2651,27112670,27112670,
2652,27113110,27113110,
2653,27113130,27113130,
2654,27113150,27113150,
2655,27113170,27113170,
2656,27113233,27113233,
2657,27113235,27113235,
2658,27113250,27113250,
2659,27113270,27113270,
2660,27114120,27114120,
2661,27114150,27114150,
2662,27114180,27114180,
2663,27114220,27114220,
2664,27114240,27114240,
2665,27114260,27114260,
2666,27114330,27114330,
2667,27114380,27114380,
2668,27115013,27115013,
2669,27115015,27115015,
2670,27115080,27115080,
2671,27116110,27116110,
2672,27116203,27116203,
2673,27116205,27116205,
2674,27116208,27116208,
2675,27121010,27121010,
2676,27121020,27121020,
2677,27121030,27121030,
2678,27121041,27121041,
2679,27121090,27121090,
2680,27122130,27122130,
2681,27122150,27122150,
2682,27122170,27122170,
2683,27122230,27122230,
2684,27122250,27122250,
2685,27122330,27122330,
2686,27122350,27122350,
2687,27122370,27122370,
2688,27122433,27122433,
2689,27122435,27122435,
2690,27122450,27122450,
2691,27123130,27123130,
2692,27123150,27123150,
2693,27123170,27123170,
2694,27123203,27123203,
2695,27123205,27123205,
2696,27124030,27124030,
2697,27124090,27124090,
2698,27201100,27201100,
2699,27201200,27201200,
2700,27202100,27202100,
2701,27202200,27202200,
2702,27202300,27202300,
2703,27202400,27202400,
2704,27311100,27311100,
2705,27311200,27311200,
2706,27321100,27321100,
2707,27321200,27321200,
2708,27321380,27321380,
2709,27321400,27321400,
2710,27331100,27331100,
2711,27331200,27331200,
2712,27331310,27331310,
2713,27331330,27331330,
2714,27331350,27331350,
2715,27331360,27331360,
2716,27331370,27331370,
2717,27331380,27331380,
2718,27331410,27331410,
2719,27331430,27331430,
2720,27401100,27401100,
2721,27401250,27401250,
2722,27401293,27401293,
2723,27401295,27401295,
2724,27401300,27401300,
2725,27401460,27401460,
2726,27401490,27401490,
2727,27401510,27401510,
2728,27401530,27401530,
2729,27401550,27401550,
2730,27401570,27401570,
2731,27402100,27402100,
2732,27402200,27402200,
2733,27402300,27402300,
2734,27402400,27402400,
2735,27402500,27402500,
2736,27403010,27403010,
2737,27403030,27403030,
2738,27403090,27403090,
2739,27404100,27404100,
2740,27404230,27404230,
2741,27404250,27404250,
2742,27511110,27511110,
2743,27511133,27511133,
2744,27511135,27511135,
2745,27511150,27511150,
2746,27511170,27511170,
2747,27511200,27511200,
2748,27511300,27511300,
2749,27511400,27511400,
2750,27511530,27511530,
2751,27511580,27511580,
2752,27512123,27512123,
2753,27512125,27512125,
2754,27512170,27512170,
2755,27512190,27512190,
2756,27512200,27512200,
2757,27512310,27512310,
2758,27512330,27512330,
2759,27512350,27512350,
2760,27512370,27512370,
2761,27512410,27512410,
2762,27512430,27512430,
2763,27512450,27512450,
2764,27512490,27512490,
2765,27512530,27512530,
2766,27512560,27512560,
2767,27512630,27512630,
2768,27512650,27512650,
2769,27512690,27512690,
2770,27512700,27512700,
2771,27512810,27512810,
2772,27512830,27512830,
2773,27512850,27512850,
2774,27512870,27512870,
2775,27512890,27512890,
2776,27512900,27512900,
2777,27513010,27513010,
2778,27513030,27513030,
2779,27513050,27513050,
2780,27513070,27513070,
2781,27521113,27521113,
2782,27521115,27521115,
2783,27521190,27521190,
2784,27521234,27521234,
2785,27521250,27521250,
2786,27521270,27521270,
2787,27521300,27521300,
2788,27521400,27521400,
2789,27522000,27522000,
2790,27901150,27901150,
2791,27901230,27901230,
2792,27901280,27901280,
2793,27901330,27901330,
2794,27901350,27901350,
2795,27901370,27901370,
2796,27901390,27901390,
2797,27902020,27902020,
2798,27902050,27902050,
2799,27902080,27902080,
2800,27903109,27903109,
2801,27903118,27903118,
2802,27903145,27903145,
2803,27903154,27903154,
2804,27903163,27903163,
2805,27903172,27903172,
2806,27903181,27903181,
2807,27903191,27903191,
2808,27903200,27903200,
2809,27903330,27903330,
2810,27903350,27903350,
2811,27903370,27903370,
2812,27903390,27903390,
2813,27904130,27904130,
2814,27904133,27904133,
2815,27904140,27904140,
2816,27904153,27904153,
2817,27904155,27904155,
2818,27904170,27904170,
2819,27904190,27904190,
2820,27904200,27904200,
2821,27904300,27904300,
2822,27904400,27904400,
2823,27904510,27904510,
2824,27904530,27904530,
2825,27904550,27904550,
2826,27904560,27904560,
2827,27904570,27904570,
2828,27905100,27905100,
2829,27905220,27905220,
2830,27905240,27905240,
2831,27905300,27905300,
2832,27906035,27906035,
2833,27906037,27906037,
2834,27906055,27906055,
2835,27906057,27906057,
2836,27906080,27906080,
2837,27907010,27907010,
2838,27907030,27907030,
2839,27908100,27908100,
2840,27908200,27908200,
2841,279900Z0,279900Z0,
2842,279900Z1,279900Z1,
2843,28111100,28111100,
2844,28111200,28111200,
2845,28111311,28111311,
2846,28111315,28111315,
2847,28111319,28111319,
2848,28111320,28111320,
2849,28111331,28111331,
2850,28111333,28111333,
2851,28111335,28111335,
2852,28111337,28111337,
2853,28111353,28111353,
2854,28111355,28111355,
2855,28111357,28111357,
2856,28111373,28111373,
2857,28111375,28111375,
2858,28112160,28112160,
2859,28112200,28112200,
2860,28112300,28112300,
2861,28112400,28112400,
2862,28113100,28113100,
2863,28113200,28113200,
2864,28113300,28113300,
2865,28114100,28114100,
2866,28114200,28114200,
2867,28121130,28121130,
2868,28121180,28121180,
2869,28121200,28121200,
2870,28121320,28121320,
2871,28121350,28121350,
2872,28121380,28121380,
2873,28121420,28121420,
2874,28121450,28121450,
2875,28121480,28121480,
2876,28121530,28121530,
2877,28121580,28121580,
2878,28121630,28121630,
2879,28121680,28121680,
2880,28122000,28122000,
2881,28131105,28131105,
2882,28131125,28131125,
2883,28131145,28131145,
2884,28131165,28131165,
2885,28131185,28131185,
2886,28131220,28131220,
2887,28131250,28131250,
2888,28131280,28131280,
2889,28131320,28131320,
2890,28131340,28131340,
2891,28131360,28131360,
2892,28131380,28131380,
2893,28131413,28131413,
2894,28131415,28131415,
2895,28131417,28131417,
2896,28131420,28131420,
2897,28131430,28131430,
2898,28131451,28131451,
2899,28131453,28131453,
2900,28131455,28131455,
2901,28131460,28131460,
2902,28131471,28131471,
2903,28131475,28131475,
2904,28131480,28131480,
2905,28132170,28132170,
2906,28132190,28132190,
2907,28132200,28132200,
2908,28132300,28132300,
2909,28132400,28132400,
2910,28132530,28132530,
2911,28132550,28132550,
2912,28132630,28132630,
2913,28132650,28132650,
2914,28132670,28132670,
2915,28132690,28132690,
2916,28132730,28132730,
2917,28132753,28132753,
2918,28132755,28132755,
2919,28132800,28132800,
2920,28133100,28133100,
2921,28133200,28133200,
2922,28141120,28141120,
2923,28141140,28141140,
2924,28141160,28141160,
2925,28141170,28141170,
2926,28141180,28141180,
2927,28141233,28141233,
2928,28141235,28141235,
2929,28141253,28141253,
2930,28141255,28141255,
2931,28141313,28141313,
2932,28141315,28141315,
2933,28141333,28141333,
2934,28141335,28141335,
2935,28141337,28141337,
2936,28141353,28141353,
2937,28141355,28141355,
2938,28141357,28141357,
2939,28141373,28141373,
2940,28141375,28141375,
2941,28141377,28141377,
2942,28141380,28141380,
2943,28142000,28142000,
2944,28151030,28151030,
2945,28151053,28151053,
2946,28151055,28151055,
2947,28151057,28151057,
2948,28151070,28151070,
2949,28151090,28151090,
2950,28152130,28152130,
2951,28152150,28152150,
2952,28152170,28152170,
2953,28152230,28152230,
2954,28152250,28152250,
2955,28152270,28152270,
2956,28152330,28152330,
2957,28152350,28152350,
2958,28152432,28152432,
2959,28152433,28152433,
2960,28152434,28152434,
2961,28152440,28152440,
2962,28152450,28152450,
2963,28152473,28152473,
2964,28152475,28152475,
2965,28152500,28152500,
2966,28152600,28152600,
2967,28153130,28153130,
2968,28153150,28153150,
2969,28153200,28153200,
2970,28153930,28153930,
2971,28153950,28153950,
2972,28211130,28211130,
2973,28211150,28211150,
2974,28211170,28211170,
2975,28211230,28211230,
2976,28211270,28211270,
2977,28211330,28211330,
2978,28211351,28211351,
2979,28211353,28211353,
2980,28211354,28211354,
2981,28211430,28211430,
2982,28211450,28211450,
2983,28211470,28211470,
2984,28221130,28221130,
2985,28221170,28221170,
2986,28221200,28221200,
2987,28221330,28221330,
2988,28221350,28221350,
2989,28221370,28221370,
2990,28221420,28221420,
2991,28221433,28221433,
2992,28221435,28221435,
2993,28221440,28221440,
2994,28221450,28221450,
2995,28221460,28221460,
2996,28221470,28221470,
2997,28221513,28221513,
2998,28221515,28221515,
2999,28221530,28221530,
3000,28221550,28221550,
3001,28221570,28221570,
3002,28221630,28221630,
3003,28221650,28221650,
3004,28221670,28221670,
3005,28221740,28221740,
3006,28221750,28221750,
3007,28221770,28221770,
3008,28221793,28221793,
3009,28221795,28221795,
3010,28221820,28221820,
3011,28221840,28221840,
3012,28221850,28221850,
3013,28221930,28221930,
3014,28221950,28221950,
3015,28221970,28221970,
3016,28222000,28222000,
3017,28231000,28231000,
3018,28232110,28232110,
3019,28232210,28232210,
3020,28241113,28241113,
3021,28241115,28241115,
3022,28241117,28241117,
3023,28241120,28241120,
3024,28241123,28241123,
3025,28241125,28241125,
3026,28241127,28241127,
3027,28241150,28241150,
3028,28241180,28241180,
3029,28241185,28241185,
3030,28241240,28241240,
3031,28241260,28241260,
3032,28241280,28241280,
3033,28242100,28242100,
3034,28242250,28242250,
3035,28251130,28251130,
3036,28251150,28251150,
3037,28251220,28251220,
3038,28251240,28251240,
3039,28251250,28251250,
3040,28251270,28251270,
3041,28251333,28251333,
3042,28251335,28251335,
3043,28251360,28251360,
3044,28251380,28251380,
3045,28251390,28251390,
3046,28251410,28251410,
3047,28251430,28251430,
3048,28251440,28251440,
3049,28252030,28252030,
3050,28252050,28252050,
3051,28252070,28252070,
3052,28253010,28253010,
3053,28253030,28253030,
3054,28253050,28253050,
3055,28253070,28253070,
3056,28253080,28253080,
3057,28291100,28291100,
3058,28291230,28291230,
3059,28291250,28291250,
3060,28291270,28291270,
3061,28291330,28291330,
3062,28291350,28291350,
3063,28292120,28292120,
3064,28292150,28292150,
3065,28292180,28292180,
3066,28292210,28292210,
3067,28292220,28292220,
3068,28292230,28292230,
3069,28292240,28292240,
3070,28292300,28292300,
3071,28293130,28293130,
3072,28293180,28293180,
3073,28293200,28293200,
3074,28293960,28293960,
3075,28293975,28293975,
3076,28293979,28293979,
3077,28294100,28294100,
3078,28294200,28294200,
3079,28294330,28294330,
3080,28294350,28294350,
3081,28295000,28295000,
3082,28296030,28296030,
3083,28296050,28296050,
3084,28296090,28296090,
3085,28297020,28297020,
3086,28297090,28297090,
3087,28298100,28298100,
3088,28298220,28298220,
3089,28298250,28298250,
3090,28298313,28298313,
3091,28298315,28298315,
3092,28298320,28298320,
3093,28298340,28298340,
3094,28298350,28298350,
3095,28298400,28298400,
3096,28298510,28298510,
3097,28298520,28298520,
3098,28298600,28298600,
3099,28301000,28301000,
3100,28303140,28303140,
3101,28303210,28303210,
3102,28303220,28303220,
3103,28303230,28303230,
3104,28303250,28303250,
3105,28303270,28303270,
3106,28303430,28303430,
3107,28303450,28303450,
3108,28303900,28303900,
3109,28304010,28304010,
3110,28304030,28304030,
3111,28304050,28304050,
3112,28304070,28304070,
3113,28305130,28305130,
3114,28305150,28305150,
3115,28305170,28305170,
3116,28305200,28305200,
3117,28305340,28305340,
3118,28305420,28305420,
3119,28305450,28305450,
3120,28305480,28305480,
3121,28305915,28305915,
3122,28305930,28305930,
3123,28305945,28305945,
3124,28305960,28305960,
3125,28305970,28305970,
3126,28306010,28306010,
3127,28306030,28306030,
3128,28306050,28306050,
3129,28306090,28306090,
3130,28307040,28307040,
3131,28308100,28308100,
3132,28308200,28308200,
3133,28308300,28308300,
3134,28308400,28308400,
3135,28308500,28308500,
3136,28308630,28308630,
3137,28308660,28308660,
3138,28309100,28309100,
3139,28309200,28309200,
3140,28309330,28309330,
3141,28309380,28309380,
3142,28309400,28309400,
3143,28411110,28411110,
3144,28411130,28411130,
3145,28411150,28411150,
3146,28411160,28411160,
3147,28411170,28411170,
3148,28411220,28411220,
3149,28411240,28411240,
3150,28411250,28411250,
3151,28411270,28411270,
3152,28412123,28412123,
3153,28412127,28412127,
3154,28412129,28412129,
3155,28412140,28412140,
3156,28412160,28412160,
3157,28412217,28412217,
3158,28412223,28412223,
3159,28412225,28412225,
3160,28412233,28412233,
3161,28412240,28412240,
3162,28412260,28412260,
3163,28412270,28412270,
3164,28412280,28412280,
3165,28412410,28412410,
3166,28412430,28412430,
3167,28412470,28412470,
3168,28412491,28412491,
3169,28413120,28413120,
3170,28413140,28413140,
3171,28413160,28413160,
3172,28413180,28413180,
3173,28413240,28413240,
3174,28413261,28413261,
3175,28413280,28413280,
3176,28413310,28413310,
3177,28413320,28413320,
3178,28413350,28413350,
3179,28413360,28413360,
3180,28413410,28413410,
3181,28413430,28413430,
3182,28413450,28413450,
3183,28413471,28413471,
3184,28414030,28414030,
3185,28414050,28414050,
3186,28491130,28491130,
3187,28491150,28491150,
3188,28491170,28491170,
3189,28491220,28491220,
3190,28491283,28491283,
3191,28491287,28491287,
3192,28491310,28491310,
3193,28491320,28491320,
3194,28491330,28491330,
3195,28491340,28491340,
3196,28491350,28491350,
3197,28491360,28491360,
3198,28492110,28492110,
3199,28492130,28492130,
3200,28492150,28492150,
3201,28492170,28492170,
3202,28492230,28492230,
3203,28492250,28492250,
3204,28492270,28492270,
3205,28492350,28492350,
3206,28492430,28492430,
3207,28492450,28492450,
3208,28911130,28911130,
3209,28911153,28911153,
3210,28911157,28911157,
3211,28911230,28911230,
3212,28911250,28911250,
3213,28911270,28911270,
3214,28921100,28921100,
3215,28921233,28921233,
3216,28921235,28921235,
3217,28921253,28921253,
3218,28921255,28921255,
3219,28922130,28922130,
3220,28922150,28922150,
3221,28922210,28922210,
3222,28922310,28922310,
3223,28922430,28922430,
3224,28922450,28922450,
3225,28922500,28922500,
3226,28922630,28922630,
3227,28922650,28922650,
3228,28922700,28922700,
3229,28922810,28922810,
3230,28923010,28923010,
3231,28923030,28923030,
3232,28923050,28923050,
3233,28923070,28923070,
3234,28923090,28923090,
3235,28924030,28924030,
3236,28924050,28924050,
3237,28924070,28924070,
3238,28925000,28925000,
3239,28926130,28926130,
3240,28926150,28926150,
3241,28926200,28926200,
3242,28931100,28931100,
3243,28931200,28931200,
3244,28931300,28931300,
3245,28931400,28931400,
3246,28931530,28931530,
3247,28931560,28931560,
3248,28931580,28931580,
3249,28931600,28931600,
3250,28931713,28931713,
3251,28931715,28931715,
3252,28931720,28931720,
3253,28931730,28931730,
3254,28931740,28931740,
3255,28931750,28931750,
3256,28931760,28931760,
3257,28931770,28931770,
3258,28931780,28931780,
3259,28931800,28931800,
3260,28932000,28932000,
3261,28933100,28933100,
3262,28933200,28933200,
3263,28933300,28933300,
3264,28933400,28933400,
3265,28941100,28941100,
3266,28941200,28941200,
3267,28941300,28941300,
3268,28941430,28941430,
3269,28941450,28941450,
3270,28941470,28941470,
3271,28941510,28941510,
3272,28941530,28941530,
3273,28942110,28942110,
3274,28942130,28942130,
3275,28942150,28942150,
3276,28942170,28942170,
3277,28942180,28942180,
3278,28942230,28942230,
3279,28942250,28942250,
3280,28942270,28942270,
3281,28942300,28942300,
3282,28942430,28942430,
3283,28942450,28942450,
3284,28943030,28943030,
3285,28943050,28943050,
3286,28943070,28943070,
3287,28944000,28944000,
3288,28945110,28945110,
3289,28945130,28945130,
3290,28945150,28945150,
3291,28945170,28945170,
3292,28945210,28945210,
3293,28945220,28945220,
3294,28945230,28945230,
3295,28945260,28945260,
3296,28945280,28945280,
3297,28951113,28951113,
3298,28951115,28951115,
3299,28951117,28951117,
3300,28951133,28951133,
3301,28951135,28951135,
3302,28951137,28951137,
3303,28951140,28951140,
3304,28951150,28951150,
3305,28951160,28951160,
3306,28951170,28951170,
3307,28951190,28951190,
3308,28951230,28951230,
3309,28951250,28951250,
3310,28951270,28951270,
3311,28961010,28961010,
3312,28961030,28961030,
3313,28961040,28961040,
3314,28961050,28961050,
3315,28961060,28961060,
3316,28961073,28961073,
3317,28961075,28961075,
3318,28961082,28961082,
3319,28961084,28961084,
3320,28961091,28961091,
3321,28961093,28961093,
3322,28961095,28961095,
3323,28961097,28961097,
3324,28962000,28962000,
3325,289900Z0,289900Z0,
3326,289900Z1,289900Z1,
3327,28991110,28991110,
3328,28991130,28991130,
3329,28991150,28991150,
3330,28991170,28991170,
3331,28991190,28991190,
3332,28991200,28991200,
3333,28991330,28991330,
3334,28991390,28991390,
3335,28991410,28991410,
3336,28991430,28991430,
3337,28991450,28991450,
3338,28991490,28991490,
3339,28992020,28992020,
3340,28992040,28992040,
3341,28992060,28992060,
3342,28993130,28993130,
3343,28993150,28993150,
3344,28993200,28993200,
3345,28993905,28993905,
3346,28993910,28993910,
3347,28993915,28993915,
3348,28993920,28993920,
3349,28993925,28993925,
3350,28993930,28993930,
3351,28993935,28993935,
3352,28993940,28993940,
3353,28993945,28993945,
3354,28993950,28993950,
3355,28993953,28993953,
3356,28993956,28993956,
3357,28993965,28993965,
3358,28993970,28993970,
3359,28994000,28994000,
3360,28995100,28995100,
3361,28995230,28995230,
3362,28995280,28995280,
3363,29101100,29101100,
3364,29101200,29101200,
3365,29101300,29101300,
3366,29102100,29102100,
3367,29102230,29102230,
3368,29102250,29102250,
3369,29102310,29102310,
3370,29102330,29102330,
3371,29102340,29102340,
3372,29102353,29102353,
3373,29102355,29102355,
3374,29103000,29103000,
3375,29104110,29104110,
3376,29104130,29104130,
3377,29104140,29104140,
3378,29104200,29104200,
3379,29104300,29104300,
3380,29104400,29104400,
3381,29105100,29105100,
3382,29105200,29105200,
3383,29105930,29105930,
3384,29105950,29105950,
3385,29105990,29105990,
3386,29201030,29201030,
3387,29201050,29201050,
3388,29202100,29202100,
3389,29202292,29202292,
3390,29202298,29202298,
3391,29202300,29202300,
3392,29203030,29203030,
3393,29203050,29203050,
3394,29203070,29203070,
3395,29203090,29203090,
3396,29311000,29311000,
3397,29312130,29312130,
3398,29312150,29312150,
3399,29312170,29312170,
3400,29312230,29312230,
3401,29312250,29312250,
3402,29312270,29312270,
3403,29312310,29312310,
3404,29312330,29312330,
3405,29312350,29312350,
3406,29312370,29312370,
3407,29313030,29313030,
3408,29313080,29313080,
3409,29321000,29321000,
3410,29322030,29322030,
3411,29322050,29322050,
3412,29322090,29322090,
3413,29323010,29323010,
3414,29323020,29323020,
3415,29323033,29323033,
3416,29323036,29323036,
3417,29323040,29323040,
3418,29323050,29323050,
3419,29323061,29323061,
3420,29323063,29323063,
3421,29323065,29323065,
3422,29323067,29323067,
3423,29323090,29323090,
3424,30112130,30112130,
3425,30112150,30112150,
3426,30112210,30112210,
3427,30112230,30112230,
3428,30112250,30112250,
3429,30112270,30112270,
3430,30112300,30112300,
3431,30112410,30112410,
3432,30112430,30112430,
3433,30112450,30112450,
3434,30112470,30112470,
3435,30112490,30112490,
3436,30113130,30113130,
3437,30113150,30113150,
3438,30113200,30113200,
3439,30113330,30113330,
3440,30113350,30113350,
3441,30114030,30114030,
3442,30114050,30114050,
3443,30115000,30115000,
3444,30119100,30119100,
3445,30119200,30119200,
3446,30121100,30121100,
3447,30121200,30121200,
3448,30121930,30121930,
3449,30121970,30121970,
3450,30201100,30201100,
3451,30201200,30201200,
3452,30201300,30201300,
3453,30202000,30202000,
3454,30203100,30203100,
3455,30203200,30203200,
3456,30203300,30203300,
3457,30204030,30204030,
3458,30204050,30204050,
3459,30204060,30204060,
3460,30209100,30209100,
3461,30301100,30301100,
3462,30301200,30301200,
3463,30301300,30301300,
3464,30301400,30301400,
3465,30301500,30301500,
3466,30301600,30301600,
3467,30302000,30302000,
3468,30303100,30303100,
3469,30303200,30303200,
3470,30303300,30303300,
3471,30303400,30303400,
3472,30304000,30304000,
3473,30305010,30305010,
3474,30305030,30305030,
3475,30305050,30305050,
3476,30305090,30305090,
3477,30306030,30306030,
3478,30306050,30306050,
3479,30306070,30306070,
3480,30911100,30911100,
3481,30911200,30911200,
3482,30911300,30911300,
3483,30912000,30912000,
3484,30913100,30913100,
3485,30913200,30913200,
3486,30921000,30921000,
3487,30922030,30922030,
3488,30922090,30922090,
3489,30923010,30923010,
3490,30923060,30923060,
3491,30923070,30923070,
3492,30924030,30924030,
3493,30924050,30924050,
3494,30991000,30991000,
3495,31001150,31001150,
3496,31001170,31001170,
3497,31001190,31001190,
3498,31001210,31001210,
3499,31001230,31001230,
3500,31001250,31001250,
3501,31001290,31001290,
3502,31001300,31001300,
3503,31001400,31001400,
3504,31002030,31002030,
3505,31002050,31002050,
3506,31002090,31002090,
3507,31011100,31011100,
3508,31011200,31011200,
3509,31011300,31011300,
3510,31021000,31021000,
3511,31031100,31031100,
3512,31031230,31031230,
3513,31031250,31031250,
3514,31031270,31031270,
3515,31031290,31031290,
3516,31091100,31091100,
3517,31091230,31091230,
3518,31091250,31091250,
3519,31091300,31091300,
3520,31091430,31091430,
3521,31091450,31091450,
3522,32111000,32111000,
3523,32121100,32121100,
3524,32121200,32121200,
3525,32121330,32121330,
3526,32121351,32121351,
3527,32121353,32121353,
3528,32121355,32121355,
3529,32121400,32121400,
3530,32131000,32131000,
3531,32201110,32201110,
3532,32201130,32201130,
3533,32201150,32201150,
3534,32201200,32201200,
3535,32201310,32201310,
3536,32201340,32201340,
3537,32201370,32201370,
3538,32201400,32201400,
3539,32201510,32201510,
3540,32201530,32201530,
3541,32201600,32201600,
3542,32202000,32202000,
3543,32301131,32301131,
3544,32301137,32301137,
3545,32301150,32301150,
3546,32301200,32301200,
3547,32301300,32301300,
3548,32301400,32301400,
3549,32301510,32301510,
3550,32301530,32301530,
3551,32301550,32301550,
3552,32301560,32301560,
3553,32301580,32301580,
3554,32301590,32301590,
3555,32301600,32301600,
3556,32401100,32401100,
3557,32401200,32401200,
3558,32401300,32401300,
3559,32402000,32402000,
3560,32403100,32403100,
3561,32403200,32403200,
3562,32404100,32404100,
3563,32404210,32404210,
3564,32404230,32404230,
3565,32404250,32404250,
3566,32404270,32404270,
3567,32501130,32501130,
3568,32501150,32501150,
3569,32501200,32501200,
3570,32501311,32501311,
3571,32501313,32501313,
3572,32501315,32501315,
3573,32501317,32501317,
3574,32501320,32501320,
3575,32501333,32501333,
3576,32501335,32501335,
3577,32501340,32501340,
3578,32501353,32501353,
3579,32501355,32501355,
3580,32501363,32501363,
3581,32501365,32501365,
3582,32501370,32501370,
3583,32501380,32501380,
3584,32502130,32502130,
3585,32502180,32502180,
3586,32502235,32502235,
3587,32502239,32502239,
3588,32502253,32502253,
3589,32502255,32502255,
3590,32502259,32502259,
3591,32502290,32502290,
3592,32502300,32502300,
3593,32503030,32503030,
3594,32503050,32503050,
3595,32504130,32504130,
3596,32504153,32504153,
3597,32504155,32504155,
3598,32504159,32504159,
3599,32504170,32504170,
3600,32504250,32504250,
3601,32504290,32504290,
3602,32504350,32504350,
3603,32504390,32504390,
3604,32504400,32504400,
3605,32505010,32505010,
3606,32505020,32505020,
3607,32505030,32505030,
3608,32505050,32505050,
3609,32911110,32911110,
3610,32911140,32911140,
3611,32911190,32911190,
3612,32911210,32911210,
3613,32911235,32911235,
3614,32911237,32911237,
3615,32911250,32911250,
3616,32911270,32911270,
3617,32911930,32911930,
3618,32911950,32911950,
3619,32911970,32911970,
3620,32991130,32991130,
3621,32991150,32991150,
3622,32991190,32991190,
3623,32991210,32991210,
3624,32991230,32991230,
3625,32991250,32991250,
3626,32991300,32991300,
3627,32991410,32991410,
3628,32991430,32991430,
3629,32991450,32991450,
3630,32991510,32991510,
3631,32991530,32991530,
3632,32991550,32991550,
3633,32991610,32991610,
3634,32991630,32991630,
3635,32991650,32991650,
3636,32991670,32991670,
3637,32992130,32992130,
3638,32992160,32992160,
3639,32992210,32992210,
3640,32992300,32992300,
3641,32992430,32992430,
3642,32992450,32992450,
3643,32993000,32993000,
3644,32994110,32994110,
3645,32994130,32994130,
3646,32994210,32994210,
3647,32994230,32994230,
3648,32994300,32994300,
3649,32995130,32995130,
3650,32995150,32995150,
3651,32995280,32995280,
3652,32995300,32995300,
3653,32995400,32995400,
3654,32995500,32995500,
3655,32995910,32995910,
3656,32995920,32995920,
3657,32995930,32995930,
3658,32995940,32995940,
3659,32995950,32995950,
3660,32995960,32995960,
3661,32995970,32995970,
3662,32995980,32995980,
3663,32995990,32995990,
3664,33111200,33111200,
3665,33111300,33111300,
3666,33111900,33111900,
3667,33121100,33121100,
3668,33121210,33121210,
3669,33121220,33121220,
3670,33121400,33121400,
3671,33121500,33121500,
3672,33121800,33121800,
3673,33121990,33121990,
3674,33122110,33122110,
3675,33122120,33122120,
3676,33122200,33122200,
3677,33122300,33122300,
3678,33122400,33122400,
3679,33122500,33122500,
3680,33122600,33122600,
3681,33122700,33122700,
3682,33122800,33122800,
3683,33122910,33122910,
3684,33122990,33122990,
3685,33131110,33131110,
3686,33131120,33131120,
3687,33131200,33131200,
3688,33131300,33131300,
3689,33131900,33131900,
3690,33141120,33141120,
3691,33141150,33141150,
3692,33141900,33141900,
3693,33151010,33151010,
3694,33151030,33151030,
3695,33161000,33161000,
3696,33171100,33171100,
3697,33191020,33191020,
3698,33201100,33201100,
3699,33202100,33202100,
3700,33202910,33202910,
3701,33202920,33202920,
3702,33202930,33202930,
3703,33202940,33202940,
3704,33202950,33202950,
3705,33202960,33202960,
3706,33202970,33202970,
3707,33203100,33203100,
3708,33203200,33203200,
3709,33203300,33203300,
3710,33203400,33203400,
3711,33203500,33203500,
3712,33203600,33203600,
3713,33203700,33203700,
3714,33203800,33203800,
3715,33203900,33203900,
3716,33204100,33204100,
3717,33204200,33204200,
3718,33205020,33205020,
3719,33205050,33205050,
3720,33205090,33205090,
3721,33206000,33206000,
3722,33207000,33207000,
3723,399900Z0,399900Z0,
3724,399900Z1,399900Z1,
3725,399900Z2,399900Z2,
3726,399900Z4,399900Z4,
3727,399900Z5,399900Z5,
3728,399900Z6,399900Z6,
3729,100000Z4,,NEW
3730,10124000,,NEW
3731,110212Z0,,NEW
3732,16101134,,NEW
3733,16101136,,NEW
3734,16101138,,NEW
3735,16211600,,NEW
3736,16211800,,NEW
3737,201300Z0,,NEW
3738,20144238,,NEW
3739,20201100,,NEW
3740,20602150,,NEW
3741,23311000,,NEW
3742,23991940,,NEW
3743,25941116,,NEW
3744,25941122,,NEW
3745,25941124,,NEW
3746,25941126,,NEW
3747,25941128,,NEW
3748,25941132,,NEW
3749,25941134,,NEW
3750,25941136,,NEW
3751,25941138,,NEW
3752,25941184,,NEW
3753,25941186,,NEW
3754,263000Z0,,NEW
3755,26403400,,NEW
3756,265100Z0,,NEW
3757,26511200,,NEW
3758,26514300,,NEW
3759,26514500,,NEW
3760,26516200,,NEW
3761,26516690,,NEW
3762,267000Z0,,NEW
3763,269900Z3,,NEW
3764,269900Z4,,NEW
3765,28251450,,NEW
3766,28252010,,NEW
3767,28293940,,NEW
3768,28302110,,NEW
3769,28302210,,NEW
3770,28302300,,NEW
3771,28303300,,NEW
3772,283099Z0,,NEW
3773,28412300,,NEW
3774,28491240,,NEW
3775,28491290,,NEW
3776,29102410,,NEW
3777,29102430,,NEW
3778,29102450,,NEW
3779,29102490,,NEW
3780,32403900,,NEW
3781,399900Z7,,NEW
3782,,100000Z2,DELETED
3783,,101200Z3,DELETED
3784,,10121040,DELETED
3785,,10122080,DELETED
3786,,10124020,DELETED
3787,,10124050,DELETED
3788,,110000Z1,DELETED
3789,,16101133,DELETED
3790,,16101135,DELETED
3791,,16101137,DELETED
3792,,16101139,DELETED
3793,,16211610,DELETED
3794,,16211617,DELETED
3795,,16211810,DELETED
3796,,16211814,DELETED
3797,,20144237,DELETED
3798,,20144239,DELETED
3799,,20201130,DELETED
3800,,20201140,DELETED
3801,,20201150,DELETED
3802,,20201160,DELETED
3803,,20201190,DELETED
3804,,20602120,DELETED
3805,,20602190,DELETED
3806,,23311010,DELETED
3807,,23311020,DELETED
3808,,23311050,DELETED
3809,,23311071,DELETED
3810,,23311073,DELETED
3811,,23311075,DELETED
3812,,23311079,DELETED
3813,,25941113,DELETED
3814,,25941117,DELETED
3815,,25941123,DELETED
3816,,25941125,DELETED
3817,,25941127,DELETED
3818,,25941129,DELETED
3819,,25941131,DELETED
3820,,25941133,DELETED
3821,,25941135,DELETED
3822,,25941139,DELETED
3823,,25941183,DELETED
3824,,25941185,DELETED
3825,,25941187,DELETED
3826,,26401250,DELETED
3827,,26403420,DELETED
3828,,26403440,DELETED
3829,,26403460,DELETED
3830,,26403480,DELETED
3831,,26511235,DELETED
3832,,26511250,DELETED
3833,,26511280,DELETED
3834,,26514310,DELETED
3835,,26514330,DELETED
3836,,26514355,DELETED
3837,,26514359,DELETED
3838,,26514520,DELETED
3839,,26514530,DELETED
3840,,26514555,DELETED
3841,,26514559,DELETED
3842,,26516210,DELETED
3843,,26516230,DELETED
3844,,26516255,DELETED
3845,,26516259,DELETED
3846,,26516650,DELETED
3847,,26516670,DELETED
3848,,26516683,DELETED
3849,,26516689,DELETED
3850,,28293910,DELETED
3851,,28293930,DELETED
3852,,28293950,DELETED
3853,,28302100,DELETED
3854,,28302200,DELETED
3855,,28302330,DELETED
3856,,28302350,DELETED
3857,,28302370,DELETED
3858,,28302390,DELETED
3859,,28303333,DELETED
3860,,28303335,DELETED
3861,,28303350,DELETED
3862,,28411180,DELETED
3863,,28412305,DELETED
3864,,28412315,DELETED
3865,,28412325,DELETED
3866,,28412335,DELETED
3867,,28412345,DELETED
3868,,28412355,DELETED
3869,,28412365,DELETED
3870,,28412375,DELETED
3871,,28412385,DELETED
3872,,28412395,DELETED
3873,,28414070,DELETED
3874,,28491210,DELETED
3875,,28491233,DELETED
3876,,28491235,DELETED
3877,,28491237,DELETED
3878,,28491250,DELETED
3879,,28491263,DELETED
3880,,28491265,DELETED
3881,,28491267,DELETED
3882,,28491275,DELETED
3883,,28491279,DELETED
3884,,28492140,DELETED
3885,,29102400,DELETED
3886,,32403920,DELETED
3887,,32403940,DELETED
3888,,32403960,DELETED
3889,,32403990,DELETED
